Sample Name,BestSeq
ELms1,AATTTGAGCAGGTTTGGTAGGAACAGGGATAAGTGTCTTAATTCGTATGGAGCTGTCACAAACAGGTCCAGTAATTGGTGATGGGCAGTTGTATAATGTTATTGTCACTGCACATGCTTTTGTAATAATTTTTTTTTTCGTTATGCCCATAATAATCAGGGGTTTTGGAAACTGGTTGTTACCTTTGATATTAGGATCTCCTGATATGGCTTTTCCACGGTTAAATAATATGAGTTTTTGGTTTTTACCTCCAGCATTTTTTTTACTACTTATTTCTTCTCTTATTGAGAGCGGTGTTAGGACAGGTTGGACAGTTTACCCTCCTTTAGCTGGGAATTTAGCACATTCAAGGCCAGCATTAGATAGTGCTATTTTTTCACTACATTTGGCTAGGGTTTCTAGTATCTTGGGTAGTTTAAATTTTATAACTACTATATTTAATATAAAGGCAAAAGGTTGGAGATTATTTAATATACCTTTATTTGTATGAACTGTTTTAGTTACAACGGTTTTATTGTTATTATCTCTGCCAGTATTAGCTGCAGCAATTACAATATTGTTGTTTGATCGTAATTTTAATACATCCTTCTTTGATCCAGCAGGTGGGGGAGATCCTATTT
ELms10,ATATTTTATTTTTAGAATTTGAGCAGGTTTGGTAGGAACTGGGATAAGTGTCTTAATTCGTATGGAGCTGTCACAAACAGGTCCAGTAATTGGTGATGGGCAGTTGTATAATGTTATTGTCACTGCACATGCTTTTGTAATAATCTTTTTTTTCGTTATGCCCATAATAATTAGGGGTTTTGGAAACTGGTTGTTACCTTTGATATTAGGATCTCCTGATATGGCTTTTCCACGGTTAAATAATATGAGTTTTTGGTTTTTACCCCCAGCATTTTTTCTACTTCTTATTTCTTCTCTTATTGAGAGCGGTGTTAGGACAGGTTGGACAGTTTACCCTCCTTTAGCTGGGAATTTAGCACATTCAAGGCCAGCATTAGATAGTGCTATTTTTTCACTACATTTGGCTAGGGTTTCTAGTATCTTGGGTAGTTTAAATTTTATAACTACTATATTTAATATAAAGGCAAAAGGTTGGAGATTATTTAATATACCTTTATTTGTATGGACTGTTTTAGTCACAACGGTTTTATTGTTATTATCTTTGCCAGTATTAGCTGCAGCAATTACAATATTGTTGTTTGATCGTAATTTTAACACATCCTTCTTT
ELms11,GATATTGGGACTCTATATTTTATTTTTAGAATTTGAGCAGGTTTGGTAGGAACTGGGATAAGTGTCTTAATTCGTATGGAGCTGTCACAAACAGGTCCAGTAATTGGTGATGGGCAGTTGTATAATGTTATTGTCACTGCACATGCTTTTGTAATAATCTTTTTTTTCGTTATGCCCATAATAATTAGGGGTTTTGGAAACTGGTTGTTACCTTTGATATTAGGATCTCCTGATATGGCTTTTCCACGGTTAAATAATATGAGTTTTTGGTTTTTACCCCCAGCATTTTTTCTACTTCTTATTTCTTCTCTTATTGAGAGCGGTGTTAGGACAGGTTGGACAGTTTACCCTCCTTTAGCTGGGAATTTAGCACATTCAAGGCCAGCATTAGATAGTGCTATTTTTTCACTACATTTGGCTAGGGTTTCTAGTATCTTGGGTAGTTTAAATTTTATAACTACTATATTTAATATAAAGGCAAAAGGTTGGAGATTATTTAATATACCTTTATTTGTATGGACTGTTTTAGTCACAACGGTTTTATTGTTATTATCTTTGCCAGTATTAGCTGCAGCAATTACAATATTGTTGTTTGATCGTAATTTTAACACATCCTTCTTTGATCCAGCAGGTGGGGGAGATCCTATC
ELms12,AAGATATTGGAACTCTATATTTTATTTTTAGAATTTGAGCAGGTTTGGTAGGAACTGGGATAAGTGTCTTAATTCGTATGGAGCTGTCACAAACAGGTCCAGTAATTGGTGATGGGCAGTTGTATAATGTTATTGTCACTGCACATGCTTTTGTAATAATCTTTTTTTTTGTTATGCCCATAATAATCAGGGGTTTTGGAAACTGGTTGTTACCTTTGATATTAGGATCTCCTGATATGGCTTTTCCACGGTTAAATAATATGAGTTTTTGGTTTTTACCTCCAGCATTTTTTCTACTTCTTATTTCTTCTCTTATTGAGAGCGGTGTTAGGACAGGTTGGACAGTTTACCCTCCTTTAGCTGGGAATTTAGCACATTCAAGGCCAGCATTAGATAGTGCTATTTTTTCACTACATTTGGCTAGGGTTTCTAGTATCTTGGGTAGTTTAAATTTTATAACTACTATATTTAATATAAAGGCAAAAGGTTGGAGATTATTTAATATACCTTTATTTGTATGAACTGTTTTAGTTACAACGGTTTTATTGTTACTATCTCTGCCAGTATTAGCTGCAGCAATTACAATATTGTTGTTTGATCGTAATTTTAATACATCCTTCTTTGATCCAGCAGGTGGGGGAGATCCTATCT
ELms13,AGATATTGGGACTCTATATTTTATTTTTAGAATTTGAGCAGGTTTGGTAGGAACTGGGATAAGTGTCTTAATTCGTATGGAGCTGTCACAAACAGGTCCAGTAATTGGTGATGGGCAGTTGTATAATGTTATTGTCACTGCACATGCTTTTGTAATAATCTTTTTTTTCGTTATGCCCATAATAATTAGGGGTTTTGGAAACTGGTTGTTACCTTTGATATTAGGATCTCCTGATATGGCTTTTCCACGGTTAAATAATATGAGTTTTTGGTTTTTACCCCCAGCATTTTTTCTACTTCTTATTTCTTCTCTTATTGAGAGCGGTGTTAGGACAGGTTGGACAGTTTACCCTCCTTTAGCTGGGAATTTAGCACATTCAAGGCCAGCATTAGATAGTGCTATTTTTTCACTACATTTGGCCAGGGTTTCTAGTATCTTGGGTAGTTTAAATTTTATAACTACTATATTTAATATAAAGGCAAAAGGTTGGAGATTATTTAATATACCTTTATTTGTATGGACTGTTTTAGTCACAACGGTTTTATTGTTATTATCTTTGCCAGTATTAGCTGCAGCAATTACAATATTGTTGTTTGATCGTAATTTTAACACATCCTTCTTTGATCCAGCAGGT
ELms14,TTTTTAGAATTTGAGCAGGTTTGGTAGGAACTGGGATAAGTGTCTTAATTCGTATGGAGCTGTCACAAACAGGTCCAGTAATTGGTGATGGGCAGTTGTATAATGTTATTGTCACTGCACATGCTTTTGTAATAATCTTTTTTTTCGTTATGCCCATAATAATTAGGGGTTTTGGAAACTGGTTGTTACCTTTGATATTAGGATCTCCTGATATGGCTTTTCCACGGTTAAATAATATGAGTTTTTGGTTTTTACCCCCAGCATTTTTTCTACTTCTTATTTCTTCTCTTATTGAGAGCGGTGTTAGGACAGGTTGGACAGTTTACCCTCCTTTAGCTGGGAATTTAGCACATTCAAGGCCAGCATTAGATAGTGCTATTTTTTCACTACATTTGGCTAGGGTTTCTAGTATCTTGGGTAGTTTAAATTTTATAACTACTATATTTAATATAAAGGCAAAAGGTTGGAGATTATTTAATATACCTTTATTTGTATGGACTGTTTTAGTCACAACGGTTTTATTGTTATTATCTTTGCCAGTATTAGCTGCAGCAATTACAATATTGTTGTTTGATCGTAATTTTAACACATCCTTCTTTGATCCAGCAGGTGGGGGA
ELms15,TAGAATTTGAGCAGGTTTGGTAGGAACTGGGATAAGTGTCTTAATTCGTATGGAGCTGTCACAAACAGGTCCAGTAATTGGTGATGGGCAGTTGTATAATGTTATTGTCACTGCACATGCTTTTGTAATAATCTTTTTTTTCGTTATGCCCATAATAATTAGGGGTTTTGGAAACTGGTTGTTACCTTTGATATTAGGATCTCCTGATATGGCTTTTCCACGGTTAAATAATATGAGTTTTTGGTTTTTACCCCCAGCATTTTTTCTACTTCTTATTTCTTCTCTTATTGAGAGCGGTGTTAGGACAGGTTGGACAGTTTACCCTCCTTTAGCTGGGAATTTAGCACATTCAAGGCCAGCATTAGATAGTGCTATTTTTTCACTACATTTGGCTAGGGTTTCTAGTATCTTGGGTAGTTTAAATTTTATAACTACTATATTTAATATAAAGGCAAAAGGTTGGAGATTATTTAATATACCTTTATTTGTATGGACTGTTTTAGTCACAACGGTTTTATTGTTATTATCTTTGCCAGTATTAGCTGCAGCAATTACAATATTGTTGTTTGATCGTAATTTTAACACATCCTTCTTTGATCCAGCAGGTGGGGGA
ELms16,AATCATAAAGATATTGGGACTCTATATTTTATTTTTAGAATTTGAGCAGGTTTGGTAGGAACTGGGATAAGTGTCTTAATTCGTATGGAGCTGTCACAAACAGGTCCAGTAATTGGTGATGGGCAGTTGTATAATGTTATTGTCACTGCACATGCTTTTGTAATAATCTTTTTTTTCGTTATGCCCATAATAATTAGGGGTTTTGGAAACTGGTTGTTACCTTTGATATTAGGATCTCCTGATATGGCTTTTCCACGGTTAAATAATATGAGTTTTTGGTTTTTACCCCCAGCATTTTTTCTACTTCTTATTTCTTCTCTTATTGAGAGCGGTGTTAGGACAGGTTGGACAGTTTACCCTCCTTTAGCTGGGAATTTAGCACATTCAAGGCCAGCATTAGATAGTGCTATTTTTTCATTACATTTGGCTAGGGTTTCTAGTATCTTGGGTAGTTTAAATTTTATAACTACTATATTTAATATAAAGGCAAAAGGTTGGAGATTATTTAATATACCTTTATTTGTATGGACTGTTTTAGTCACAACGGTTTTATTGTTATTATCTTTGCCAGTATTAGCTGCAGCAATTACAATATTGTTGTTTGATCGTAATTTTAATACATCCTTCTTTGATCCAGCAGGTGGGGGAGATCCTATCT
ELms17,GGACTCTATATTTTATTTTTAGAATTTGAGCAGGTTTGGTAGGAACTGGGATAAGTGTCTTAATTCGTATGGAGCTGTCACAAACAGGTCCAGTAATTGGTGATGGGCAGTTGTATAATGTTATTGTCACTGCACATGCTTTTGTAATAATCTTTTTTTTCGTTATGCCCATAATAATTAGGGGTTTTGGAAACTGGTTGTTACCTTTGATATTAGGATCTCCTGATATGGCTTTTCCACGGTTAAATAATATGAGTTTTTGGTTTTTACCCCCAGCATTTTTTCTACTTCTTATTTCTTCTCTTATTGAGAGCGGTGTTAGGACAGGTTGGACAGTTTACCCTCCTTTAGCTGGGAATTTAGCACATTCAAGGCCAGCATTAGATAGTGCTATTTTTTCACTACATTTGGCTAGGGTTTCTAGTATCTTGGGTAGTTTAAATTTTATAACTACTATATTTAATATAAAGGCAAAAGGTTGGAGATTATTTAATATACCTTTATTTGTATGGACTGTTTTAGTCACAACGGTTTTATTGTTATTATCTTTGCCAGTATTAGCTGCAGCAATTACAATATTGTTGTTTGATCGTAATTTTAACACATCCTTCTTTGATCCAGCAGGTGGGGGAGATCCTATC
ELms18,AGATATTGGGACTCTATATTTTATTTTTAGAATTTGAGCAGGTTTGGTAGGAACTGGGATAAGTGTCTTAATTCGTATGGAGCTGTCACAAACAGGTCCAGTAATTGGTGATGGGCAGTTGTATAATGTTATTGTCACTGCACATGCTTTTGTAATAATCTTTTTTTTCGTTATGCCCATAATAATTAGGGGTTTTGGAAACTGGTTGTTACCTTTGATATTAGGATCTCCTGATATGGCTTTTCCACGGTTAAATAATATGAGTTTTTGGTTTTTACCCCCAGCATTTTTTCTACTTCTTATTTCTTCTCTTATTGAGAGCGGTGTTAGGACAGGTTGGACAGTTTACCCTCCTTTAGCTGGGAATTTAGCACATTCAAGGCCAGCATTAGATAGTGCTATTTTTTCACTACATTTGGCTAGGGTTTCTAGTATCTTGGGTAGTTTAAATTTTATAACTACTATATTTAATATAAAGGCAAAAGGTTGGAGATTATTTAATATACCTTTATTTGTATGGACTGTTTTAGTCACAACGGTTTTATTGTTATTATCTTTGCCAGTATTAGCTGCAGCAATTACAATATTGTTGTTTGATCGTAATTTTAACACATCCTTCTTTGATCCAGCAGGTGGGGGAGATCCT
ELms2,AGAATTTGAGCAGGTTTGGTAGGAACTGGGATAAGTGTCTTAATTCGTATGGAGCTGTCACAAACAGGTCCAGTAATTGGTGATGGGCAGTTGTATAATGTTATTGTCACTGCACATGCTTTTGTAATAATCTTTTTTTTCGTTATGCCCATAATAATTAGGGGTTTTGGAAACTGGTTGTTACCTTTGATATTAGGATCTCCTGATATGGCTTTTCCACGGTTAAATAATATGAGTTTTTGGTTTTTACCCCCAGCATTTTTTCTACTTCTTATTTCTTCTCTTATTGAGAGCGGTGTTAGGACAGGTTGGACAGTTTACCCTCCTTTAGCTGGGAATTTAGCACATTCAAGGCCAGCATTAGATAGTGCTATTTTTTCACTACATTTGGCTAGGGTTTCTAGTATCTTGGGTAGTTTAAATTTTATAACTACTATATTTAATATAAAGGCAAAAGGTTGGAGATTATTTAATATACCTTTATTTGTATGGACTGTTTTAGTCACAACGGTTTTATTGTTATTATCTTTGCCAGTATTAGCTGCAG
ELms21,TATATTTTATTTTTAGAATTTGAGCAGGTTTGGTAGGAACTGGGATAAGTGTCTTAATTCGTATGGAGCTGTCACAAACAGGTCCAGTAATTGGTGATGGGCAGTTGTATAATGTTATTGTCACTGCACATGCTTTTGTAATAATCTTTTTTTTCGTTATGCCCATAATAATTAGGGGTTTTGGAAACTGGTTGTTACCTTTGATATTAGGATCTCCTGATATGGCTTTTCCACGGTTAAATAATATGAGTTTTTGGTTTTTACCCCCAGCATTTTTTCTACTTCTTATTTCTTCTCTTATTGAGAGCGGTGTTAGGACAGGTTGGACAGTTTACCCTCCTTTAGCTGGGAATTTAGCACATTCAAGGCCAGCATTAGATAGTGCTATTTTTTCACTACATTTGGCTAGGGTTTCTAGTATCTTGGGTAGTTTAAATTTTATAACTACTATATTTAATATAAAGGCAAAAGGTTGGAGATTATTTAATATACCTTTATTTGTATGGACTGTTTTAGTCACAACGGTTTTATTGTTATTATCTTTGCCAGTATTAGCTGCAGCAATTACAATATTGTTGTTTGATCGTAATTTTAACACATCCTTCTTTGATCCAGCAGGTGGGG
ELms22,TTAGAATTTGAGCAGGTTTGGTAGGAACTGGGATAAGTGTCTTAATTCGTATGGAGCTGTCACAAACAGGTCCAGTAATTGGTGATGGGCAGTTGTATAATGTTATTGTCACTGCACATGCTTTTGTAATAATCTTTTTTTTCGTTATGCCCATAATAATTAGGGGTTTTGGAAACTGGTTGTTACCTTTGATATTAGGATCTCCTGATATGGCTTTTCCACGGTTAAATAATATGAGTTTTTGGTTTTTACCCCCAGCATTTTTTCTACTTCTTATTTCTTCTCTTATTGAGAGCGGTGTTAGGACAGGTTGGACAGTTTACCCTCCTTTAGCTGGGAATTTAGCACATTCAAGGCCAGCATTAGATAGTGCTATTTTTTCACTACATTTGGCTAGGGTTTCTAGTATCTTGGGTAGTTTAAATTTTATAACTACTATATTTAATATAAAGGCAAAAGGTTGGAGATTATTTAATATACCTTTATTTGTATGGACTGTTTTAGTCACAACGGTTTTATTGTTATTATCTTTGCCAGTATTAGCTGCAGCAATTACAATATTGTTGTTTGATCGTAATTTTAACACAT
ELms23,AGAATTTGAGCAGGTTTGGTAGGAACTGGGATAAGTGTCTTAATTCGTATGGAGCTGTCACAAACAGGTCCAGTAATTGGTGATGGGCAGTTGTATAATGTTATTGTCACTGCACATGCTTTTGTAATAATCTTTTTTTTCGTTATGCCCATAATAATTAGGGGTTTTGGAAACTGGTTGTTACCTTTGATATTAGGATCTCCTGATATGGCTTTTCCACGGTTAAATAATATGAGTTTTTGGTTTTTACCCCCAGCATTTTTTCTACTTCTTATTTCTTCTCTTATTGAGAGTGGTGTTAGGACAGGTTGGACAGTTTACCCTCCTTTAGCTGGGAATTTAGCACATTCAAGGCCAGCATTAGATAGTGCTATTTTTTCACTACATTTGGCTAGGGTTTCTAGTATCTTGGGTAGTTTAAATTTTATAACTACTATATTTAATATAAAGGCAAAAGGTTGGAGATTATTTAATATACCTTTATTTGTATGGACTGTTTTAGTCACAACGGTTTTATTGTTATTATCTTTGCCCAGTATTAGCTGCAGCAATTACAATATTGTTGTTTGATCGTAATTTTAACACAT
ELms24,AGATATTGGGACTCTATATTTTATTTTTAGAATTTGAGCAGGTTTGGTAGGAACTGGGATAAGTGTCTTAATTCGTATGGAGCTGTCACAAACAGGTCCAGTAATTGGTGATGGGCAGTTGTATAATGTTATTGTCACTGCACATGCTTTTGTAATAATCTTTTTTTTCGTTATGCCCATAATAATTAGGGGTTTTGGAAACTGGTTGTTACCTTTGATATTAGGATCTCCTGATATGGCTTTTCCACGGTTAAATAATATGAGTTTTTGGTTTTTACCCCCAGCATTTTTTCTACTTCTTATTTCTTCTCTTATTGAGAGCGGTGTTAGGACAGGTTGGACAGTTTACCCTCCTTTAGCTGGGAATTTAGCACATTCAAGGCCAGCATTAGATAGTGCTATTTTTTCACTACATTTGGCCAGGGTTTCTAGTATCTTGGGTAGTTTAAATTTTATAACTACTATATTTAATATAAAGGCAAAAGGTTGGAGATTATTTAATATACCTTTATTTGTATGGACTGTTTTAGTCACAACGGTTTTATTGTTATTATCTTTGCCAGTATTAGCTGCAGCAATTACAATATTGTTGTTTGATCGTAATTTTAACACATCCTTCTTTGATCCAGCAGGTGGGGGAGATCCTATCT
ELms3,GGGACTCTATATTTTATTTTTAGAATTTGAGCAGGTTTGGTAGGAACTGGGATAAGTGTCTTAATTCGTATGGAGCTGTCACAAACAGGTCCAGTAATTGGTGATGGGCAGTTGTATAATGTTATTGTCACTGCACATGCTTTTGTAATAATCTTTTTTTTCGTTATGCCCATAATAATTAGGGGTTTTGGAAACTGGTTGTTACCTTTGATATTAGGATCTCCTGATATGGCTTTTCCACGGTTAAATAATATGAGTTTTTGGTTTTTACCCCCAGCATTTTTTCTACTTCTTATTTCTTCTCTTATTGAGAGCGGTGTTAGGACAGGTTGGACAGTTTACCCTCCTTTAGCTGGGAATTTAGCACATTCAAGGCCAGCATTAGATAGTGCTATTTTTTCACTACATTTGGCTAGGGTTTCTAGTATCTTGGGTAGTTTAAATTTTATAACTACTATATTTAATATAAAGGCAAAAGGTTGGAGATTATTTAATATACCTTTATTTGTATGGACTGTTTTAGTCACAACGGTTTTATTGTTATTATCTTTGCCAGTATTAGCTGCAGCAATTACAATATTGTTGTTTGATCGTAATTTTAACACATCCTTCTTTGA
ELms4,TTTATTTTTAGAATTTGAGCAGGTTTGGTAGGAACTGGGATAAGTGTCTTAATTCGTATGGAGCTGTCACAAACAGGTCCAGTAATTGGTGATGGGCAGTTGTATAATGTTATTGTCACTGCACATGCTTTTGTAATAATCTTTTTTTTCGTTATGCCCATAATAATTAGGGGTTTTGGAAACTGGTTGTTACCTTTGATATTAGGATCTCCTGATATGGCTTTTCCACGGTTAAATAATATGAGTTTTTGGTTTTTACCCCCAGCATTTTTTCTACTTCTTATTTCTTCTCTTATTGAGAGCGGTGTTAGGACAGGTTGGACAGTTTACCCTCCTTTAGCTGGGAATTTAGCACATTCAAGGCCAGCATTAGATAGTGCTATTTTTTCACTACATTTGGCCAGGGTTTCTAGTATCTTGGGTAGTTTAAATTTTATAACTACTATATTTAATATAAAGGCAAAAGGTTGGAGATTATTTAATATACCTTTATTTGTATGGACTGTTTTAGTCACAACGGTTTTATTGTTATTATCTTTGCCAGTATTAGCTGCAG
ELms5,TTTTAGAATTTGAGCAGGTTTGGTAGGAACTGGGATAAGTGTCTTAATTCGTATGGAGCTGTCACAAACAGGTCCAGTAATTGGTGATGGGCAGTTGTATAATGTTATTGTCACTGCACATGCTTTTGTAATAATCTTTTTTTTCGTTATGCCCATAATAATTAGGGGTTTTGGAAACTGGTTGTTACCTTTGATATTAGGATCTCCTGATATGGCTTTTCCACGGTTAAATAATATGAGTTTTTGGTTTTTACCCCCAGCATTTTTTCTACTTCTTATTTCTTCTCTTATTGAGAGCGGTGTTAGGACAGGTTGGACAGTTTACCCTCCTTTAGCTGGGAATTTAGCACATTCAAGGCCAGCATTAGATAGTGCTATTTTTTCACTACATTTGGCTAGGGTTTCTAGTATCTTGGGTAGTTTAAATTTTATAACTACTATATTTAATATAAAGGCAAAAGGTTGGAGATTATTTAATATACCTTTATTTGTATGGACTGTTTTAGTCACAACGGTTTTATTGTTATTATCTTTGCCAGTATTAGCTGCAGCAATTACAATATTGTTGTTTGATCGTAATTTTAACACATCCTT
ELms6,TAAGATAGGATCTCCCCCACCTGCTGGATCAAAGAAGGATGTGTTAAAATTACGATCAAACAACAATATTGTAATTGCTGCAGCTAATACTGGCAAAGATAATAACAATAAAACCGTTGTGACTAAAACAGTCCATACAAATAAAGGTATATTAAATAATCTCCAACCTTTTGCCTTTATATTAAATATAGTAGTTATAAAATTTAAACTACCCAAGATACTAGAAACCCTAGCCAAATGTAGTGAAAAAATAGCACTATCTAATGCTGGCCTTGAATGTGCTAAATTCCCAGCTAAAGGAGGGTAAACTGTCCAACCTGTCCTAACACCGCTCTCAATAAGAGAAGAAATAAGAAGTAGAAAAAATGCTGGGGGTAAAAACCAAAAACTCATATTATTTAACCGTGGAAAAGCCATATCAGGAGATCCTAATATCAAAGGTAACAACCAGTTTCCAAAACCCCTAATTATTATGGGCATAACGAAAAAAAAGATTATTACAAAAGCATGTGCAGTGACAATAACATTATACAACTGCCCATCACCAATTACTGGACCTGTTTGTGACAGCTCCATACGAATTAAGACACTTATCCCAGTTCCTACCAAACCTGCTCAAATTCTAAAAATAAAATATAGAGTCCCAATATCTTTATGA
ELms7,ATAAGATAGGATCTCCCCCACCTGCTGGATCAAAGAAGGATGTGTTAAAATTACGATCAAACAACAATATTGTAATTGCTGCAGCTAATACTGGCAAAGATAATAACAATAAAACCGTTGTGACTAAAACAGTCCATACAAATAAAGGTATACTAAATAATCTCCAACCTTTTGCCTTTATATTAAATATAGTAGTTATAAAATTTAAACTACCCAAGATACTAGAAACCCTAGCCAAATGTAATGAAAAAATAGCACTATCTAATGCTGGCCTTGAATGTGCTAAATTCCCAGCTAAAGGAGGGTAAACTGTCCAACCTGTCCTAACACCGCTCTCAATAAGAGAAGAAATAAGAAGTAGAAAAAATGCTGGGGGTAAAAACCAAAAACTCATATTATTTAACCGTGGAAAAGCCATATCAGGAGATCCTAATATCAAAGGTAACAACCAGTTTCCAAAACCCCTAATTATTATGGGCATAACGAAAAAAAAGATTATTACAAAAGCATGTGCAGTGACAATAACATTATACAACTGCCCATCACCAATTACTGGACCTGTTTGTGACAGCTCCATACGAATTAAGACACTTATCCCAGTTCCTACCAAACCTGCTCAAATTCTAAAAATAAAATATAGAGTCCCAATATCTTTATGAT
ELms8,TAAGATAGGATCTCCCCCACCTGCTGGATCAAAGAAGGATGTGTTAAAATTACGATCAAACAACAATATTGTAATTGCTGCAGCTAATACTGGCAAAGATAATAACAATAAAACCGTTGTGACTAAAACAGTCCATACAAATAAAGGTATATTAAATAATCTCCAACCTTTTGCCTTTATATTAAATATAGTAGTTATAAAATTTAAACTACCCAAGATACTAGAAACCCTAGCCAAATGTAGTGAAAAAATAGCACTATCTAATGCTGGCCTTGAATGTGCTAAATTCCCAGCTAAAGGAGGGTAAACTGTCCAACCTGTCCTAACACCGCTCTCAATAAGAGAAGAAATAAGAAGTAGAAAAAATGCTGGGGGTAAAAACCAAAAACTCATATTATTTAACCGTGGAAAAGCCATATCAGGAGATCCTAATATCAAAGGTAACAACCAGTTTCCAAAACCCCTAATTATTATGGGCATAACGAAAAAAAAGATTATTACAAAAGCATGTGCAGTGACAATAACATTATACAACTGCCCATCACCAATTACTGGACCTGTTTGTGACAGCTCCATACGAATTAAGACACTTATCCCAGTTCCTACCAAACCTGCTCAAATTCTAAAAATAAAATATAGAGTCCCAATATCTTTATGAT
ELms9,CTATATTTTATTTTTAGAATTTGAGCAGGTTTGGTAGGAACTGGGATAAGTGTCTTAATTCGTATGGAGCTGTCACAAACAGGTCCAGTAATTGGTGATGGGCAGTTGTATAATGTTATTGTCACTGCACATGCTTTTGTAATAATCTTTTTTTTCGTTATGCCCATAATAATTAGGGGTTTTGGAAACTGGTTGTTACCTTTGATATTAGGATCTCCTGATATGGCTTTTCCACGGTTAAATAATATGAGTTTTTGGTTTTTACCCCCAGCATTTTTTCTACTTCTTATTTCTTCTCTTATTGAGAGCGGTGTTAGGACAGGTTGGACAGTTTACCCTCCTTTAGCTGGGAATTTAGCACATTCAAGGCCAGCATTAGATAGTGCTATTTTTTCACTACATTTGGCTAGGGTTTCTAGTATCTTGGGTAGTTTAAATTTTATAACTACTATATTTAATATAAAGGCAAAAGGTTGGAGATTATTTAATATACCTTTATTTGTATGGACTGTTTTAGTCACAACGGTTTTATTGTTATTATCTTTGCCAGTATTAGCTGCAGCAATTACAATATTGTTGTTTGATCGTAATTTTAACACATCCTTCTTTGATCCAGCAGGAGGGGGAGA
KNms10,AGATATTGGGACTCTATATTTTATTTTTAGAATTTGAGCAGGTTTGGTAGGAACTGGGATAAGTGTCTTAATTCGTATGGAGCTGTCACAAACAGGTCCAGTAATTGGTGATGGGCAGTTGTATAATGTTATTGTCACTGCACATGCTTTTGTAATAATCTTTTTTTTCGTTATGCCCATAATAATTAGGGGTTTTGGAAACTGGTTGTTACCTTTGATATTAGGATCTCCTGATATGGCTTTTCCACGGTTAAATAATATGAGTTTTTGGTTTTTACCCCCAGCATTTTTTCTACTTCTTATTTCTTCTCTTATTGAGAGCGGTGTTAGGACAGGTTGGACAGTTTACCCTCCTTTAGCTGGGAATTTAGCACATTCAAGGCCAGCATTAGATAGTGCTATTTTTTCACTACATTTGGCTAGGGTTTCTAGTATCTTGGGTAGTTTAAATTTTATAACTACTATATTTAATATAAAGGCAAAAGGTTGGAGATTATTTAATATACCTTTATTTGTATGGACTGTTTTAGTCACAACGGTTTTATTGTTATTATCTTTGCCAGTATTAGCTGCAGCAATTACAATATTGTTGTTTGATCGTAATTTTAACACATCCTTCTTTGATCCAGCAGGTGGGGGGGATCCTATC
KNms11,AAGATATTGGGACTCTATATTTTATTTTTAGAATTTGAGCAGGTTTGGTAGGAACTGGGATAAGTGTCTTAATTCGTATGGAGCTGTCACAAACAGGTCCAGTAATTGGTGATGGGCAGTTGTATAATGTTATTGTCACTGCACATGCTTTTGTAATAATCTTTTTTTTCGTTATGCCCATAATAATTAGGGGTTTTGGAAACTGGTTGTTACCTTTGATATTAGGATCTCCTGATATGGCTTTTCCACGGTTAAATAATATGAGTTTTTGGTTTTTACCCCCAGCATTTTTTCTACTTCTTATTTCTTCTCTTATTGAGAGCGGTGTTAGGACAGGTTGGACAGTTTACCCTCCTTTAGCTGGGAATTTAGCACATTCAAGGCCAGCATTAGATAGTGCTATTTTTTCACTACATTTGGCTAGGGTTTCTAGTATCTTGGGTAGTTTAAATTTTATAACTACTATATTTAATATAAAGGCAAAAGGTTGGAGATTATTTAATATACCTTTATTTGTATGGACTGTTTTAGTCACAACGGTTTTATTGTTATTATCTTTGCCAGTATTAGCTGCAGCAATTACAATATTGTTGTTTGATCGTAATTTTAACACATCCTTCTTTGATCCAGCAGGTGGGGGAGATCCTATC
KNms12,TGGGACTCTATATTTTATTTTTAGAATTTGAGCAGGTTTGGTAGGAACTGGGATAAGTGTCTTAATTCGTATGGAGCTGTCACAAACAGGTCCAGTAATTGGTGATGGGCAGTTGTATAATGTTATTGTCACTGCACATGCTTTTGTAATAATCTTTTTTTTCGTTATGCCCATAATAATTAGGGGTTTTGGAAACTGGTTGTTACCTTTGATATTAGGATCTCCTGATATGGCTTTTCCACGGTTAAATAATATGAGTTTTTGGTTTTTACCCCCAGCATTTTTTCTACTTCTTATTTCTTCTCTTATTGAGAGCGGTGTTAGGACAGGTTGGACAGTTTACCCTCCTTTAGCTGGGAATTTAGCACATTCAAGGCCAGCATTAGATAGTGCTATTTTTTCACTACATTTGGCTAGGGTTTCTAGTATCTTGGGTAGTTTAAATTTTATAACTACTATATTTAATATAAAGGCAAAAGGTTGGAGATTATTTAATATACCTTTATTTGTATGGACTGTTTTAGTCACAACGGTTTTATTGTTATTATCTTTGCCAGTATTAGCTGCAGCAATTACAATATTGTTGTTTGATCGTAATTTTAACACATCCTTCTTTGATCCAGCAGGT
KNms13,TTGGGACCCTATATTTTATTTTTAGAATTTGAGCAGGTTTGGTAGGAACTGGGATAAGTGTCTTAATTCGTATGGAGCTGTCACAAACAGGTCCAGTAATTGGTGATGGGCAGTTGTATAATGTTATTGTCACTGCACATGCTTTTGTAATAATCTTTTTTTTCGTTATGCCCATAATAATTAGGGGTTTTGGAAACTGGTTGTTACCTTTGATATTAGGATCTCCTGATATGGCTTTTCCACGGTTAAATAATATGAGTTTTTGGTTTTTACCCCCAGCATTTTTTCTACTTCTTATTTCTTCTCTTATTGAGAGCGGTGTTAGGACAGGTTGGACAGTTTACCCTCCTTTAGCTGGGAATTTAGCACATTCAAGGCCAGCATTAGATAGTGCTATTTTTTCACTACATTTGGCTAGGGTTTCTAGTATCTTGGGTAGTTTAAATTTTATAACTACTATATTTAATATAAAGGCAAAAGGTTGGAGATTATTTAATATACCTTTATTTGTATGGACTGTTTTAGTCACAACGGTTTTATTGTTATTATCTTTGCCAGTATTAGCTGCAGCAATTACAATATTGTTGTTTGATCGTAATTTTAACACATCCTTCTTTGATCCAGCAGGTGGGGGA
KNms14,ATTTTATTTTTAGAATTTGAGCAGGTTTGGTAGGAACTGGGATAAGTGTCTTAATTCGTATGGAGCTGTCACAAACAGGTCCAGTAATTGGTGATGGGCAGTTGTATAATGTTATTGTCACTGCACATGCTTTTGTAATAATCTTTTTTTTCGTTATGCCCATAATAATTAGGGGTTTTGGAAACTGGTTGTTACCTTTGATATTAGGATCTCCTGATATGGCTTTTCCACGGTTAAATAATATGAGTTTTTGGTTTTTACCCCCAGCATTTTTTCTACTTCTTATTTCTTCTCTTATTGAGAGCGGTGTTAGGACAGGTTGGACAGTTTACCCTCCTTTAGCTGGGAATTTAGCACATTCAAGGCCAGCATTAGATAGTGCTATTTTTTCACTACATTTGGCTAGGGTTTCTAGTATCTTGGGTAGTTTAAATTTTATAACTACTATATTTAATATAAAGGCAAAAGGTTGGAGATTATTTAATATACCTTTATTTGTATGGACTGTTTTAGTCACAACGGTTTTATTGTTATTATCTTTGCCAGTATTAGCTGCA
KNms15,TAAAGATATTGGGACTCTATATTTTATTTTTAGAATTTGAGCAGGTTTGGTAGGAACTGGGATAAGTGTCTTAATTCGTATGGAGCTGTCACAAACAGGTCCAGTAATTGGTGATGGGCAGTTGTATAATGTTATTGTCACTGCACATGCTTTTGTAATAATCTTTTTTTTCGTTATGCCCATAATAATTAGGGGTTTTGGAAATTGGTTGTTACCTTTGATATTAGGATCTCCTGATATGGCTTTTCCACGGTTAAATAATATGAGTTTTTGGTTTTTACCCCCAGCATTTTTTCTACTTCTTATTTCTTCTCTTATTGAGAGCGGTGTTAGGACAGGTTGGACAGTTTACCCTCCTTTAGCTGGGAATTTAGCACATTCAAGGCCAGCATTAGATAGTGCTATTTTTTCACTACATTTGGCTAGGGTTTCTAGTATCTTGGGTAGTTTAAATTTTATAACTACTATATTTAATATAAAGGCAAAAGGTTGGAGATTATTTAATATACCTTTATTTGTATGGACTGTTTTAGTCACAACGGTTTTATTGTTATTATCTTTGCCAGTATTAGCTGCAGCAATTACAATATTGTTGTTTGATCGTAATTTTAACACATCTTTCTTTGATCCAGCAGGTGGGGGAGATCCT
KNms16,TTGGGACTCTATATTTTATTTTTAGAATTTGAGCAGGTTTGGTAGGAACTGGGATAAGTGTCTTAATTCGTATGGAGCTGTCACAAACAGGTCCAGTAATTGGTGATGGGCAGTTGTATAATGTTATTGTCACTGCACATGCTTTTGTAATAATCTTTTTTTTCGTTATGCCCATAATAATTAGGGGTTTTGGAAACTGGTTGTTACCTTTGATATTAGGATCTCCTGATATGGCTTTTCCACGGTTAAATAATATGAGTTTTTGGTTTTTACCCCCAGCATTTTTTCTACTTCTTATTTCTTCTCTTATTGAGAGCGGTGTTAGGACAGGTTGGACAGTTTACCCTCCTTTAGCTGGGAATTTAGCACATTCAAGGCCAGCATTAGATAGTGCTATTTTTTCACTACATTTGGCCAGGGTTTCTAGTATCTTGGGTAGTTTAAATTTTATAACTACTATATTTAATATAAAGGCAAAAGGTTGGAGATTATTTAATATACCTTTATTTGTATGGACTGTTTTAGTCACAACGGTTTTATTGTTATTATCTTTGCCAGTATTAGCTGCAGCAATTACAATATTGTTGTTTGATCGTAATTTTAACACATCCTTCTTTGATCCAGCAGGTGGGGGAGATCCTAT
KNms17,TTTATTTTTAGAATTTGAGCAGGTTTGGTAGGAACTGGGATAAGTGTCTTAATTCGTATGGAGCTGTCACAAACAGGTCCAGTAATTGGTGATGGGCAGTTGTATAATGTTATTGTCACTGCACATGCTTTTGTAATAATCTTTTTTTTCGTTATGCCCATAATAATTAGGGGTTTTGGAAACTGGTTGTTACCTTTGATATTAGGATCTCCTGATATGGCTTTTCCACGGTTAAATAATATGAGTTTTTGGTTTTTACCCCCAGCATTTTTTCTACTTCTTATTTCTTCTCTTATTGAGAGCGGTGTTAGGACAGGTTGGACAGTTTACCCTCCTTTAGCTGGGAATTTAGCACATTCAAGGCCAGCATTAGATAGTGCTATTTTTTCACTACATTTGGCTAGGGTTTCTAGTATCTTGGGTAGTTTAAATTTTATAACTACTATATTTAATATAAAGGCAAAAGGTTGGAGATTATTTAATATACCTTTATTTGTATGGACTGTTTTAGTCACAACGGTTTTATTGTTATTATCTTTGCCAGTATTAGCTGCAGCAATTACAATATTGTTGTTTGATCGTAATTTTAACACATCCTTCTTTGATCCAGCAGGTGGGGGAGATCCTATCT
KNms18,AAGATATTGGGACTCTATATTTTATTTTTAGAATTTGAGCAGGTTTGGTAGGAACTGGGATAAGTGTCTTAATTCGTATGGAGCTGTCACAAACAGGTCCAGTAATTGGTGATGGGCAGTTGTATAATGTTATTGTCACTGCACATGCTTTTGTAATAATCTTTTTTTTCGTTATGCCCATAATAATTAGGGGTTTTGGAAACTGGTTGTTACCTTTGATATTAGGATCTCCTGATATGGCTTTTCCACGGTTAAATAATATGAGTTTTTGGTTTTTACCCCCAGCATTTTTTCTACTTCTTATTTCTTCTCTTATTGAGAGCGGTGTTAGGACAGGTTGGACAGTTTACCCTCCTTTAGCTGGGAATTTAGCACATTCAAGGCCAGCATTAGATAGTGCTATTTTTTCACTACATTTGGCTAGGGTTTCTAGTATCTTGGGTAGTTTAAATTTTATAACTACTATATTTAATATAAAGGCAAAAGGTTGGAGATTATTTAATATACCTTTATTTGTATGGACTGTTTTAGTCACAACGGTTTTATTGTTATTATCTTTGCCAGTATTAGCTGCAGCAATTACAATATTGTTGTTTGATCGTAATTTTAACACATCCTTCTTTGATCCAGCAGGTGGGGGAGAT
KNms19,AGATATTGGGACTCTATATTTTATTTTTAGAATTTGAGCAGGTTTGGTAGGAACTGGGATAAGTGTCTTAATTCGTATGGAGCTGTCACAAACAGGTCCAGTAATTGGTGATGGGCAGTTGTATAATGTTATTGTCACTGCACATGCTTTTGTAATAATCTTTTTTTTCGTTATGCCCATAATAATTAGGGGTTTTGGAAACTGGTTGTTACCTTTGATATTAGGATCTCCTGATATGGCTTTTCCACGGTTAAATAATATGAGTTTTTGGTTTTTACCCCCAGCATTTTTTCTACTTCTTATTTCTTCTCTTATTGAGAGCGGTGTTAGGACAGGTTGGACAGTTTACCCTCCTTTAGCTGGGAATTTAGCACATTCAAGGCCAGCATTAGATAGTGCTATTTTTTCACTACATTTGGCTAGGGTTTCTAGTATCTTGGGTAGTTTAAATTTTATAACTACTATATTTAATATAAAGGCAAAAGGTTGGAGATTATTTAATATACCTTTATTTGTATGGACTGTTTTAGTCACAACGGTTTTATTGTTATTATCTTTGCCAGTATTAGCTGCAGCAATTACAATATTGTTGTTTGATCGTAATTTTAACACATCCTTCTTTGATCCAGCAGGTGGGGGAGATCCTATCTTA
KNms2,CTATATTTTATTTTTAGAATTTGAGCAGGTTTGGTAGGAACTGGGATAAGTGTCTTAATTCGTATGGAGCTGTCACAAACAGGTCCAGTAATTGGTGATGGGCAGTTGTATAATGTTATTGTCACTGCACATGCTTTTGTAATAATCTTTTTTTTCGTTATGCCCATAATAATTAGGGGTTTTGGAAACTGGTTGTTACCTTTGATATTAGGATCTCCTGATATGGCTTTTCCACGGTTAAATAATATGAGTTTTTGGTTTTTACCCCCAGCATTTTTTCTACTTCTTATTTCTTCTCTTATTGAGAGCGGTGTTAGGACAGGTTGGACAGTTTACCCTCCTTTAGCTGGGAATTTAGCACATTCAAGGCCAGCATTAGATAGTGCTATTTTTTCACTACATTTGGCTAGGGTTTCTAGTATCTTGGGTAGTTTAAATTTTATAACTACTATATTTAATATAAAGGCAAAAGGTTGGAGATTATTTAATATACCTTTATTTGTATGGACTGTTTTAGTCACAACGGTTTTATTGTTATTATCTTTGCCAGTATTAGCTGCAGCAATTACAATATTGTTGTTTGATCGTAATTTTAACACATCCTTCTTTGATCCAGCAGGTGGGGGAGAT
KNms20,TGGGACTCTATATTTTATTTTTAGAATTTGAGCAGGTTTGGTAGGAACTGGGATAAGTGTCTTAATTCGTATGGAGCTGTCACAAACAGGTCCAGTAATTGGTGATGGGCAGTTGTATAATGTTATTGTCACTGCACATGCTTTTGTAATAATCTTTTTTTTCGTTATGCCCATAATAATTAGGGGTTTTGGAAACTGGTTGTTACCTTTGATATTAGGATCTCCTGATATGGCTTTTCCACGGTTAAATAATATGAGTTTTTGGTTTTTACCCCCAGCATTTTTTCTACTTCTTATTTCTTCTCTTATTGAGAGCGGTGTTAGGACAGGTTGGACAGTTTACCCTCCTTTAGCTGGGAATTTAGCACATTCAAGGCCAGCATTAGATAGTGCTATTTTTTCACTACATTTGGCTAGGGTTTCTAGTATCTTGGGTAGTTTAAATTTTATAACTACTATATTTAATATAAAGGCAAAAGGTTGGAGATTATTTAATATACCTTTATTTGTATGGACTGTTTTAGTCACAACGGTTTTATTGTTATTATCTTTGCCAGTATTAGCTGCAGCAATTACAATATTGTTGTTTGATCGTAATTTTAACACATCCTTCTTTGATCCAGCAGGT
KNms21,TAAAGATATTGGGACTCTATATTTTATTTTTAGAATTTGAGCAGGTTTGGTAGGAACTGGGATAAGTGTCTTAATTCGTATGGAGCTGTCACAAACAGGTCCAGTAATTGGTGATGGGCAGTTGTATAATGTTATTGTCACTGCACATGCTTTTGTAATAATCTTTTTTTTCGTTATGCCCATAATAATTAGGGGTTTTGGAAACTGGTTGTTACCTTTGATATTAGGATCTCCTGATATGGCTTTTCCACGGTTAAATAATATGAGTTTTTGGTTTTTACCCCCAGCATTTTTTCTACTTCTTATTTCTTCTCTTATTGAGAGCGGTGTTAGGACAGGTTGGACAGTTTACCCTCCTTTAGCTGGGAATTTAGCACATTCAAGGCCAGCATTAGATAGTGCTATTTTTTCACTACATTTGGCTAGAGTTTCTAGTATCTTGGGTAGTTTAAATTTTATAACTACTATATTTAATATAAAGGCAAAAGGTTGGAGATTATTTAATATACCTTTATTTGTATGGACTGTTTTAGTCACAACGGTTTTATTGTTATTATCTTTGCCAGTATTAGCTGCAGCAATTACAATATTGTTGTTTGATCGTAATTTTAACACATCCTTCTTTGATCCAGCAGGTGGGGGAGATCCTATC
KNms22,GATATTGGGACTCTATATTTTATTTTTAGAATTTGAGCAGGTTTGGTAGGAACTGGGATAAGTGTCTTAATTCGTATGGAGCTGTCACAAACAGGTCCAGTAATTGGTGATGGGCAGTTGTATAATGTTATTGTCACTGCACATGCTTTTGTAATAATCTTTTTTTTCGTTATGCCCATAATAATTAGGGGTTTTGGAAACTGGTTGTTACCTTTGATATTAGGATCTCCTGATATGGCTTTTCCACGGTTAAATAATATGAGTTTTTGGTTTTTACCCCCAGCATTTTTTCTACTTCTTATTTCTTCTCTTATTGAGAGCGGTGTTAGGACAGGTTGGACAGTTTACCCTCCTTTAGCTGGGAATTTAGCACATTCAAGGCCAGCATTAGATAGTGCTATTTTTTCACTACATTTGGCTAGAGTTTCTAGTATCTTGGGTAGTTTAAATTTTATAACTACTATATTTAATATAAAGGCAAAAGGTTGGAGATTATTTAATATACCTTTATTTGTATGGACTGTTTTAGTCACAACGGTTTTATTGTTATTATCTTTGCCAGTATTAGCTGCAGCAATTACAATATTGTTGTTTGATCGTAATTTTAACACATCC
KNms24,TGGGACTCTATATTTTATTTTTAGAATTTGAGCAGGTTTGGTAGGAACTGGGATAAGTGTCTTAATTCGTATGGAGCTGTCACAAACAGGTCCAGTAATTGGTGATGGGCAGTTGTATAATGTTATTGTCACTGCACATGCTTTTGTAATAATCTTTTTTTTCGTTATGCCCATAATAATTAGGGGTTTTGGAAACTGGTTGTTACCTTTGATATTAGGATCTCCTGATATGGCTTTTCCACGGTTAAATAATATGAGTTTTTGGTTTTTACCCCCAGCATTTTTTCTACTTCTTATTTCTTCTCTTATTGAGAGCGGTGTTAGGACAGGTTGGACAGTTTACCCTCCTTTAGCTGGGAATTTAGCACATTCAAGGCCAGCATTAGATAGTGCTATTTTTTCACTACATTTGGCCAGGGTTTCTAGTATCTTGGGTAGTTTAAATTTTATAACTACTATATTTAATATAAAGGCAAAAGGTTGGAGATTATTTAATATACCTTTATTTGTATGGACTGTTTTAGTCACAACGGTTTTATTGTTATTATCTTTGCCAGTATTAGCTGCAGCAATTACAATATTGTTGTTTGATCGTAATTTTAACACATCCTTCTTTGATCCAGCAGGTGGGGGAGATCCTAT
KNms25,ATTTTATTTTTAGAATTTGAGCAGGTTTGGTAGGAACTGGGATAAGTGTCTTAATTCGTATGGAGCTGTCACAAACAGGTCCAGTAATTGGTGATGGGCAGTTGTATAATGTTATTGTCACTGCACATGCTTTTGTAATAATCTTTTTTTTCGTTATGCCCATAATAATTAGGGGTTTTGGAAACTGGTTGTTACCTTTGATATTAGGATCTCCTGATATGGCTTTTCCACGGTTAAATAATATGAGTTTTTGGTTTTTACCCCCAGCATTTTTTCTACTTCTTATTTCTTCTCTTATTGAGAGCGGTGTTAGGACAGGTTGGACAGTTTACCCTCCTTTAGCTGGGAATTTAGCACATTCAAGGCCAGCATTAGATAGTGCTATTTTTTCACTACATTTGGCTAGGGTTTCTAGTATCTTGGGTAGTTTAAATTTTATAACTACTATATTTAATATAAAGGCAAAAGGTTGGAGATTATTTAATATACCTTTATTTGTATGGACTGTTTTAGTCACAACGGTTTTATTGTTATTATCTTTGCCAGTATTAGCTGCAGCAATTACAATATTGTTGTTTGATCGTAATTTTAACACATCCTTCTTTGATCCAGCAGGTGGGGGAGATCCTATC
KNms26,ACTCTATATTTTATTTTTAGAATTTGAGCAGGTTTGGTAGGAACTGGGATAAGTGTCTTAATTCGTATGGAGCTGTCACAAACAGGTCCAGTAATTGGTGATGGGCAGTTGTATAATGTTATTGTCACTGCACATGCTTTTGTAATAATCTTTTTTTTCGTTATGCCCATAATAATTAGGGGTTTTGGAAACTGGTTGTTACCTTTGATATTAGGATCTCCTGATATGGCTTTTCCACGGTTAAATAATATGAGTTTTTGGTTTTTACCCCCAGCATTTTTTCTACTTCTTATTTCTTCTCTTATTGAGAGCGGTGTTAGGACAGGTTGGACAGTTTACCCTCCTTTAGCTGGGAATTTAGCACATTCAAGGCCAGCATTAGATAGTGCTATTTTTTCACTACATTTGGCTAGAGTTTCTAGTATCTTGGGTAGTTTAAATTTTATAACTACTATATTTAATATAAAGGCAAAAGGTTGGAGATTATTTAATATACCTTTATTTGTATGGACTGTTTTAGTCACAACGGTTTTATTGTTATTATCTTTGCCAGTATTAGCTGCAGCAATTACAATATTGTTGTTTGATCGTAATTTTAACACATCCTTCTTTGATCCAGCAGGTGGGGGAGATCCTA
KNms27,TTTTTAGAATTTGAGCAGGTTTGGTAGGAACTGGGATAAGTGTCTTAATTCGTATGGAGCTGTCACAAACAGGTCCAGTAATTGGTGATGGGCAGTTGTATAATGTTATTGTCACTGCACATGCTTTTGTAATAATCTTTTTTTTCGTTATGCCCATAATAATTAGGGGTTTTGGAAACTGGTTGTTACCTTTGATATTAGGATCTCCTGATATGGCTTTTCCACGGTTAAATAATATGAGTTTTTGGTTTTTACCCCCAGCATTTTTTCTACTTCTTATTTCTTCTCTTATTGAGAGCGGTGTTAGGACAGGTTGGACAGTTTACCCTCCTTTAGCTGGGAATTTAGCACATTCAAGGCCAGCATTAGATAGTGCTATTTTTTCACTACATTTAGCTAGGGTTTCTAGTATCTTGGGTAGTTTAAATTTTATAACTACTATATTTAATATAAAGGCAAAAGGTTGGAGATTATTTAATATACCTTTATTTGTATGGACTGTTTTAGTCACAACGGTTTTATTGTTATTATCTTTG
KNms28,TGGGACTCTATATTTTATTTTTAGAATTTGAGCAGGTTTGGTAGGAACTGGGATAAGTGTCTTAATTCGTATGGAGCTGTCACAAACAGGTCCAGTAATTGGTGATGGGCAGTTGTATAATGTTATTGTCACTGCACATGCTTTTGTAATAATCTTTTTTTTCGTTATGCCCATAATAATTAGGGGTTTTGGAAACTGGTTGTTACCTTTGATATTAGGATCTCCTGATATGGCTTTTCCACGGTTAAATAATATGAGTTTTTGGTTTTTACCCCCAGCATTTTTTCTACTTCTTATTTCTTCTCTTATTGAGAGCGGTGTTAGGACAGGTTGGACAGTTTACCCTCCTTTAGCTGGGAATTTAGCACATTCAAGGCCAGCATTAGATAGTGCTATTTTTTCACTACATTTGGCTAGGGTTTCTAGTATCTTGGGTAGTTTAAATTTTATAACTACTATATTTAATATAAAGGCAAAAGGTTGGAGATTATTTAATATACCTTTATTTGTATGGACGGTTTTAGTCACAACGGTTTTATTGTTATTATCTTTGCCAGTATTAGCTGCAGCAATTACAATATTGTTGTTTGATCGTAATTTTAACACATCCTTCTTTGATCCAGCAGGT
KNms29,ATTTTTAGAATTTGAGCAGGTTTGGTAGGAACTGGGATAAGTGTCTTAATTCGTATGGAGCTGTCACAAACAGGTCCAGTAATTGGTGATGGGCAGTTGTATAATGTTATTGTCACTGCACATGCTTTTGTAATAATCTTTTTTTTCGTTATGCCCATAATAATTAGGGGTTTTGGAAACTGGTTGTTACCTTTGATATTAGGATCTCCTGATATGGCTTTTCCACGGTTAAATAATATGAGTTTTTGGTTTTTACCCCCAGCATTTTTTCTACTTCTTATTTCTTCTCTTATTGAGAGCGGTGTTAGGACAGGTTGGACAGTTTACCCTCCTTTAGCTGGGAATTTAGCACATTCAAGGCCAGCATTAGATAGTGCTATTTTTTCACTACATTTGGCTAGGGTTTCTAGTATCTTGGGTAGTTTAAATTTTATAACTACTATATTTAATATAAAGGCAAAAGGTTGGAGATTATTTAATATACCTTTATTTGTATGGACGGTTTTAGTCACAACGGTTTTATTGTTATTATCTTTGCCAGTATTAGCTGCAGCAATTACAATATTGTTGTTTGATCGTAATTTTAACACATCCTTCTTTGATCCAGCAGGTGGGGGAGATCCTATC
KNms3,TTTTATTTTTAGAATTTGAGCAGGTTTGGTAGGAACTGGGATAAGTGTCTTAATTCGTATGGAGCTGTCACAAACAGGTCCAGTAATTGGTGATGGGCAGTTGTATAATGTTATTGTCACTGCACATGCTTTTGTAATAATCTTTTTTTTCGTTATGCCCATAATAATTAGGGGTTTTGGAAACTGGTTGTTACCTTTGATATTAGGATCTCCTGATATGGCTTTTCCACGGTTAAATAATATGAGTTTTTGGTTTTTACCCCCAGCATTTTTTCTACTTCTTATTTCTTCTCTTATTGAGAGCGGTGTTAGGACAGGTTGGACAGTTTACCCTCCTTTAGCTGGGAATTTAGCACATTCAAGGCCAGCATTAGATAGTGCTATTTTTTCACTACATTTGGCTAGGGTTTCTAGTATCTTGGGTAGTTTAAATTTTATAACTACTATATTTAATATAAAGGCAAAAGGTTGGAGATTATTTAATATACCTTTATTTGTATGGACTGTTTTAGTCACAACGGTTTTATTGTTATTATCTTTGCCAGTATTAGCTGCAGCAATTACAATATTGTTGTTTGATCGTAATTTTAACACATCCTTCTTTGATCCAGCAGGTGGGGGAGATCCTATCT
KNms30,CTCTATATTTTATTTTTAGAATTTGAGCAGGTTTGGTAGGAACTGGGGATAAGTGTCTTAATTCGTATGGAGCTGTCACAAACAGGTCCAGTAATTGGTGATGGGCAGTTGTATAATGTTATTGTCACTGCACATGCTTTTGTAATAATCTTTTTTTTCGTTATGCCCATAATAATTAGGGGTTTTGGAAACTGGTTGTTACCTTTGATATTAGGATCTCCTGATATGGCTTTTCCACGGTTAAATAATATGAGTTTTTGGTTTTTACCCCCAGCATTTTTTCTACTTCTTATTTCTTCTCTTATTGAGAGCGGTGTTAGGACAGGTTGGACAGTTTACCCTCCTTTAGCTGGGAATTTAGCACATTCAAGGCCAGCATTAGATAGTGCTATTTTTTCACTACATTTGGCTAGGGTTTCTAGTATCTTGGGTAGTTTAAATTTTATAACTACTATATTTAATATAAAGGCAAAAGGTTGGAGATTATTTAATATACCTTTATTTGTATGGACTGTTTTAGTCACAACGGTTTTATTGTTATTATCTTTGCCAGTATTAGCTGCAGCAATTACAATATTGTTGTTTGATCGTAATTTTAACACATCCTTCTTTG
KNms31,TTTGAGCAGGTTTGGTAGGAACTGGGATAAGTGTCTTAATTCGTATGGAGCTGTCACAAACAGGTCCAGTAATTGGTGATGGGCAGTTGTATAATGTTATTGTCACTGCACATGCTTTTGTAATAATCTTTTTTTTCGTTATGCCCATAATAATTAGGGGTTTTGGAAACTGGTTGTTACCTTTGATATTAGGATCTCCTGATATGGCTTTTCCACGGTTAAATAATATGAGTTTTTGGTTTTTACCCCCAGCATTTTTTCTACTTCTTATTTCTTCTCTTATTGAGAGCGGTGTTAGGACAGGTTGGACAGTTTACCCTCCTTTAGCTGGGAATTTAGCACATTCAAGGCCAGCATTAGATAGTGCTATTTTTTCACTACATTTGGCTAGGGTTTCTAGTATCTTGGGTAGTTTAAATTTTATAACTACTATATTTAATATAAAGGCAAAAGGTTGGAGATTATTTAATATACCTTTATTTGTATGGACTGTTTTAGTCACAACGGTTTTATTGTTATTATCTTTGCCAGTATTAGCTGCAGCAATTACAATATTGTTGTTTGATCGTAATTTTAACACATCCTTCTTTGATCCAGCAGGTGGGGGAG
KNms32,TTATTTTTAGAATTTGAGCAGGTTTGGTAGGAACTGGGATAAGTGTCTTAATTCGTATGGAGCTGTCACAAACAGGTCCAGTAATTGGTGATGGGCAGTTGTATAATGTTATTGTCACTGCACATGCTTTTGTAATAATCTTTTTTTTCGTTATGCCCATAATAATTAGGGGTTTTGGAAACTGGTTGTTACCTTTGATATTAGGATCTCCTGATATGGCTTTTCCACGGTTAAATAATATGAGTTTTTGGTTTTTACCCCCAGCATTTTTTCTACTTCTTATTTCTTCTCTTATTGAGAGCGGTGTTAGGACAGGTTGGACAGTTTACCCTCCTTTAGCTGGGAATTTAGCACATTCAAGGCCAGCATTAGATAGTGCTATTTTTTCATTACATTTGGCTAGGGTTTCTAGTATCTTGGGTAGTTTAAATTTTATAACTACTATATTTAATATAAAGGCAAAAGGTTGGAGATTATTTAATATACCTTTATTTGTATGGACTGTTTTAGTCACAACGGTTTTATTGTTATTATCTTTGCCAGTATTAGCTGCAGCAATTACAATATTGTTGTTTGATCGTAATTTTAACACATCCTTCTTTGATCCAGC
KNms4,TGGGACTCTATATTTTATTTTTAGAATTTGAGCAGGTTTGGTAGGAACTGGGATAAGTGTCTTAATTCGTATGGAGCTGTCACAAACAGGTCCAGTAATTGGTGATGGGCAGTTGTATAATGTTATTGTCACTGCACATGCTTTTGTAATAATCTTTTTTTTCGTTATGCCCATAATAATTAGGGGTTTTGGAAACTGGTTGTTACCTTTGATATTAGGATCTCCTGATATGGCTTTTCCACGGTTAAATAATATGAGTTTTTGGTTTTTACCCCCAGCATTTTTTCTACTTCTTATTTCTTCTCTTATTGAGAGTGGTGTTAGGACAGGTTGGACAGTTTACCCTCCTTTAGCTGGGAATTTAGCACATTCAAGGCCAGCATTAGATAGTGCTATTTTTTCACTACATTTGGCTAGGGTTTCTAGTATCTTGGGTAGTTTAAATTTTATAACTACTATATTTAATATAAAGGCAAAAGGTTGGAGATTATTTAATATACCTTTATTTGTATGGACTGTTTTAGTCACAACGGTTTTATTGTTATTATCTTTGCCAGTATTAGCTGCAGCAATTACAATATTGTTGTTTGATCGTAATTTTAACACATCCTTTTTTGATCCAGCAGGTGGGGGAGATCCTATC
KNms5,GATATTGGGACTCTATATTTTATTTTTAGAATTTGAGCAGGTTTGGTAGGAACTGGGATAAGTGTCTTAATTCGTATGGAGCTGTCACAAACAGGTCCAGTAATTGGTGATGGGCAGTTGTATAATGTTATTGTCACTGCACATGCTTTTGTAATAATCTTTTTTTTCGTTATGCCCATAATAATTAGGGGTTTTGGAAACTGGTTGTTACCTTTGATATTAGGATCTCCTGATATGGCTTTTCCACGGTTAAATAATATGAGTTTTTGGTTTTTACCCCCAGCATTTTTTCTACTTCTTATTTCTTCTCTTATTGAGAGCGGTGTTAGGACAGGTTGGACAGTTTACCCTCCTTTAGCTGGGAATTTAGCACATTCAAGGCCAGCATTAGATAGTGCTATTTTTTCACTACATTTGGCTAGGGTTTCTAGTATCTTGGGTAGTTTAAATTTTATAACTACTATATTTAATATAAAGGCAAAAGGTTGGAGATTATTTAATATACCTTTATTTGTATGGACTGTTTTAGTCACAACGGTTTTATTGTTATTATCTTTGCCAGTATTAGCTGCAGCAATTACAATATTGTTGTTTGATCGTAATTTTAACACATCCTTCTTTGATCCAGCAGGTGGGGGGGA
KNms6,TTGAGCAGGTTTGGTGGGAACTGGGATAAGTGTCTTAATTCGTATGGAGCTGTCACAAACAGGTCCAGTAATTGGTGATGGGCAGTTGTATAATGTTATTGTCACTGCACATGCTTTTGTAATAATCTTTTTTTTCGTTATGCCCATAATAATTAGGGGTTTTGGAAACTGGTTGTTACCTTTGATATTAGGATCTCCTGATATGGCTTTTCCACGGTTAAATAATATGAGTTTTTGGTTTTTACCCCCAGCATTTTTTCTACTTCTTATTTCTTCTCTTATTGAGAGCGGTGTTAGGACAGGTTGGACAGTTTACCCTCCTTTAGCTGGGAATTTAGCACATTCAAGGCCAGCATTAGATAGTGCTATTTTTTCACTACATTTGGCTAGGGTTTCTAGTATCTTGGGTAGTTTAAATTTTATAACTACTATATTTAATATAAAGGCAAAAGGTTGGAGATTATTTAATATACCTTTATTTGTATGGACTGTTTTAGTCACAACGGTTTTATTGTTATTATCTTTGCCAGTATTAGCTGCAGCAATTACAATATTGTTGTTTGATCGTAATTTTAACACATCCTTCTTT
KNms7,TCATAAAGATATTGGGACTCTATATTTTATTTTTAGAATTTGAGCAGGTTTGGTAGGAACTGGGATAAGTGTCTTAATTCGTATGGAGCTGTCACAAACAGGTCCAGTAATTGGTGATGGGCAGTTGTATAATGTTATTGTCACTGCACATGCTTTTGTAATAATCTTTTTTTTCGTTATGCCCATAATAATTAGGGGTTTTGGAAACTGGTTGTTACCTTTGATATTAGGATCTCCTGATATGGCTTTTCCACGGTTAAATAATATGAGTTTTTGGTTTTTACCCCCAGCATTTTTTCTACTTCTTATTTCTTCTCTTATTGAGAGCGGTGTTAGGACAGGTTGGACAGTTTACCCTCCTTTAGCTGGGAATTTAGCACATTCAAGGCCAGCATTAGATAGTGCTATTTTTTCACTACATTTGGCTAGGGTTTCTAGTATCTTGGGTAGTTTAAATTTTATAACTACTATATTTAATATAAAGGCAAAAGGTTGGAGATTATTTAATATACCTTTATTTGTATGGACTGTTTTAGTCACAACGGTTTTATTGTTATTATCTTTGCCAGTATTAGCTGCAGCAATTACAATATTGTTGTTTGATCGTAATTTTAACACATCCTTCTTTGATCCAGCAGGTGGGGGAGATCCTATC
KNms8,TTTTAGAATTTGAGCAGGTTTGGTAGGAACTGGGATAAGTGTCTTAATTCGTATGGAGCTGTCACAAACAGGTCCAGTAATTGGTGATGGGCAGTTGTATAATGTTATTGTCACTGCACATGCTTTTGTAATAATCTTTTTTTTCGTTATGCCCATAATAATTAGGGGTTTTGGAAACTGGTTGTTACCTTTGATATTAGGATCTCCTGATATGGCTTTTCCACGGTTAAATAATATGAGTTTTTGGTTTTTACCCCCAGCATTTTTTCTACTTCTTATTTCTTCTCTTATTGAGAGCGGTGTTAGGACAGGTTGGACAGTTTACCCTCCTTTAGCTGGGAATTTAGCACATTCAAGGCCAGCATTAGATAGTGCTATTTTTTCACTACATTTGGCCAGGGTTTCTAGTATCTTGGGTAGTTTAAATTTTATAACTACTATATTTAATATAAAGGCAAAAGGTTGGAGATTATTTAATATACCTTTATTTGTATGGACTGTTTTAGTCACAACGGTTTTATTGTTATTATCTTTGCCAGTATTAGCTGCAGCAATTACAATATTGTTGTTTGATCGTAATTTTAACACATCCTTCTTTGATCCAGCAGGTGGGGGAGA
KNms9,CTCTATATTTTATTTTTAGAATTTGAGCAGGTTTGGTAGGAACTGGGATAAGTGTCTTAATTCGTATGGAGCTGTCACAAACAGGTCCAGTAATTGGTGATGGGCAGTTGTATAATGTTATTGTCACTGCACATGCTTTTGTAATAATCTTTTTTTTCGTTATGCCCATAATAATTAGGGGTTTTGGAAACTGGTTGTTACCTTTGATATTAGGATCTCCTGATATGGCTTTTCCACGGTTAAATAATATGAGTTTTTGGTTTTTACCCCCAGCATTTTTTCTACTTCTTATTTCTTCTCTTATTGAGAGCGGTGTTAGGACAGGTTGGACAGTTTACCCTCCTTTAGCTGGGAATTTAGCACATTCAAGGCCAGCATTAGATAGTGCTATTTTTTCACTACATTTGGCTAGGGTTTCTAGTATCTTGGGTAGTTTAAATTTTATAACTACTATATTTAATATAAAGGCAAAAGGTTGGAGATTATTTAATATACCTTTATTTGTATGGACTGTTTTAGTCACAACGGTTTTATTGTTATTATCTTTGCCAGTATTAGCTGCAGCAATTACAATATTGTTGTTTGATCGTAATTTTAACACATCCTTCTTTGATCCAGCAGGTGGGGGAGATCCTATC
PAms1,ATAAGATAGGATCTCCCCCACCTGCTGGATCAAAGAAGGATGTGTTAAAATTACGATCAAACAACAATATTGTAATTGCTGCAGCTAATACTGGCAAAGATAATAACAATAAAACCGTTGTGACTAAAACAGTCCATACAAATAAAGGTATATTAAATAATCTCCAACCTTTTGCCTTTATATTAAATATAGTAGTTATAAAATTTAAACTACCCAAGATACTAGAAACCCTAGCCAAATGTAATGAAAAAATAGCACTATCCAATGCTGGCCTTGAATGTGCTAAATTCCCAGCTAAAGGAGGGTAAACTGTCCAACCTGTCCTAACACCGCTCTCAATAAGAGAAGAAATAAGAAGTAGAAAAAATGCTGGGGGTAAAAACCAAAAACTCATATTATTTAACCGTGGAAAAGCCATATCAGGAGATCCTAATATCAAAGGTAACAACCAGTTTCCAAAACCCCTAATTATTATGGGCATAACGAAAAAAAAGATTATTACAAAAGCATGTGCAGTGACAATAACATTATACAACTGCCCATCACCAATTACTGGACCTGTTTGTGACAGCTCCATACGAATTAAGACACTTATCCCAGTTCCTACCAAACCTGCTCAAATTCTAAAAATAAAATATAGAGTCCCAATATCTT
PAms10,ATAAGATAGGATCTCCCCCACCTGCTGGATCAAAGAAGGATGTATTAAAATTACGATCAAACAACAATATTGTAATTGCTGCAGCTAATACTGGCAGAGATAGTAACAATAAAACCGTTGTAACTAAAACAGTTCATACAAATAAAGGTATATTAAATAATCTCCAACCTTTTGCCTTTATATTAAATATAGTAGTTATAAAATTTAAACTACCCAAGATACTAGAAACCCTAGCCAAATGTAGTGAAAAAATAGCACTATCTAATGCTGGCCTTGAATGTGCTAAATTCCCAGCTAAAGGAGGGTAAACTGTCCAACCTGTCCTAACACCGCTCTCAATAAGAGAAGAAATAAGAAGTAGAAAAAATGCTGGAGGTAAAAACCAAAAACTCATATTATTTAACCGTGGAAAAGCCATATCAGGAGATCCTAATATCAAAGGTAACAACCAGTTTCCAAAACCCCTGATTATTATGGGCATAACAAAAAAAAAGATTATTACAAAAGCATGTGCAGTGACAATAACATTATACAACTGCCCATCACCAATTACTGGACCTGTTTGTGACAGCTCCATACGAATTAAGACACTTATCCCAGTTCCTACCAAACCTGCTCAAATTCTAAAAATAAAATATAGAGTTCCAATATCTTTATGA
PAms11,TGTTGATATAAGATAGGATCTCCCCCACCTGCTGGATCAAAGAAGGATGTGTTAAAATTACGATCAAACAACAATATTGTAATTGCTGCAGCTAATACTGGCAAAGATAATAACAATAAAACCGTTGTGACTAAAACAGTCCATACAAATAAAGGTATATTAAATAATCTCCAACCTTTTGCCTTTATATTAAATATAGTAGTTATAAAATTTAAACTACCCAAGATACTAGAAACCCTAGCCAAATGTAGTGAAAAAATAGCACTATCTAATGCTGGCCTTGAATGTGCTAAATTCCCAGCTAAAGGAGGGTAAACTGTCCAACCTGTCCTAACACCGCTCTCAATAAGAGAAGAAATAAGAAGTAGAAAAAATGCTGGGGGTAAAAACCAAAAACTCATATTATTTAACCGTGGAAAAGCCATATCAGGAGATCCTAATATCAAAGGTAACAACCAGTTTCCAAAACCCCTAATTATTATGGGCATAACGAAAAAAAAGATTATTACAAAAGCATGTGCAGTGACAATAACATTATACAACTGCCCATCACCAATTACTGGACCTGTTTGTGACAGCTCCATACGAATTAAGACACTTATCCCAGTTCCTACCAAACCTGCTCAAATTCTAAAAATAAAATATAGAGTCCCAATATCTTTATGATT
PAms12,AGATAGGATCTCCCCCACCTGCTGGATCAAAGAAGGATGTGTTAAAATTACGATCAAACAACAATATTGTAATTGCTGCAGCTAATACTGGCAAAGATAATAACAATAAAACCGTTGTGACTAAAACAGTCCATACAAATAAAGGTATATTAAATAATCTCCAACCTTTTGCCTTTATATTAAATATAGTAGTTATAAAATTTAAACTACCCAAGATACTAGAAACCCTAGCCAAATGTAGTGAAAAAATAGCACTATCTAATGCTGGCCTTGAATGTGCTAAATTCCCAGCTAAAGGAGGGTAAACTGTCCAACCTGTCCTAACACCGCTCTCAATAAGAGAAGAAATAAGAAGTAGAAAAAATGCTGGGGGTAAAAACCAAAAACTCATATTATTTAACCGTGGAAAAGCCATATCAGGAGATCCTAATATCAAAGGTAACAACCAGTTTCCAAAACCCCTAATTATTATGGGCATAACGAAAAAAAAGATTATTACAAAAGCATGTGCAGTGACAATAACATTATACAACTGCCCATCACCAATTACTGGACCTGTTTGTGACAGCTCCATACGAATTAAGACACTTATCCCAGTTCCTACCAAACCTGCTCAAATTCTAAAAATAAAATATAGAGTCCCAATATCT
PAms13,AGATAGGATCTCCCCCACCTGCTGGATCAAAGAAGGATGTGTTAAAATTACGATCAAACAACAATATTGTAATTGCTGCAGCTAATACTGGCAAAGATAATAACAATAAAACCGTTGTGACTAAAACAGTCCATACAAATAAAGGTATATTAAATAATCTCCAACCTTTTGCCTTTATATTAAATATAGTAGTTATAAAATTTAAACTACCCAAGATACTAGAAACCCTAGCCAAATGTAATGAAAAAATAGCACTATCTAATGCTGGCCTTGAATGTGCTAAATTCCCAGCTAAAGGAGGGTAAACTGTCCAACCTGTCCTAACACCGCTCTCAATAAGAGAAGAAATAAGAAGTAGAAAAAATGCTGGGGGTAAAAACCAAAAACTCATATTATTTAACCGTGGAAAAGCCATATCAGGAGATCCTAATATCAAAGGTAACAACCAGTTTCCAAAACCCCTAATTATTATGGGCATAACGAAAAAAAAGATTATTACAAAAGCATGTGCAGTGACAATAACATTATACAACTGCCCATCACCAATTACTGGACCTGTTTGTGACAGCTCCATACGAATTAAGACACTTATCCCAGTTCCTACCAAACCTGCTCAAATTCTAAAAATAAAATATAGAGTCCCAATATCTTTATGAT
PAms14,AGATAGGATCTCCCCCACCTGCTGGATCAAAGAAGGATGTGTTAAAATTACGATCAAACAACAATATTGTAATTGCTGCAGCTAATACTGGCAAAGATAATAACAATAAAACCGTTGTGACTAAAACAGTCCATACAAATAAAGGTATATTAAATAATCTCCAACCTTTTGCCTTTATATTAAATATAGTAGTTATAAAATTTAAACTACCCAAGATACTAGAAACCCTAGCCAAATGTAGTGAAAAAATAGCACTATCTAATGCTGGCCTTGAATGTGCTAAATTCCCAGCTAAAGGAGGGTAAACTGTCCAACCTGTCCTAACACCGCTCTCAATAAGAGAAGAAATAAGAAGTAGAAAAAATGCTGGGGGTAAAAACCAAAAACTCATATTATTTAACCGTGGAAAAGCCATATCAGGAGATCCTAATATCAAAGGTAACAACCAGTTTCCAAAACCCCTAATTATTATGGGCATAACGAAAAAAAAGATTATTACAAAAGCATGTGCAGTGACAATAACATTATACAACTGCCCATCACCAATTACTGGACCTGTTTGTGACAGCTCCATACGAATTAAGACACTTATCCCAGTTCCTACCAAACCTGCTCAAATTCTAAAAATAAAATATAGAGTCCCAATATCTT
PAms15,AGATAGGATCTCCCCCACCTGCTGGATCAAAGAAGGATGTGTTAAAATTACGATCAAACAACAATATTGTAATTGCTGCAGCTAATACTGGCAAAGATAATAACAATAAAACCGTTGTGACTAAAACAGTCCATACAAATAAAGGTATATTAAATAATCTCCAACCTTTTGCCTTTATATTAAATATAGTAGTTATAAAATTTAAACTACCCAAGATACTAGAAACCCTAGCCAAATGTAATGAAAAAATAGCACTATCTAATGCTGGCCTTGAATGTGCTAAATTCCCAGCTAAAGGAGGGTAAACTGTCCAACCTGTCCTAACACCGCTCTCAATAAGAGAAGAAATAAGAAGTAGAAAAAATGCTGGGGGTAAAAACCAAAAACTCATATTATTTAACCGTGGAAAAGCCATATCAGGAGATCCTAATATCAAAGGTAACAACCAGTTTCCAAAACCCCTAATTATTATGGGCATAACGAAAAAAAAGATTATTACAAAAGCATGTGCAGTGACAATAACATTATACAACTGCCCATCACCAATTACTGGACCTGTTTGTGACAGCTCCATACGAATTAAGACACTTATCCCAGTTCCTACCAAACCTGCTCAAATTCTAAAAATAAAATATAGAGTCCCAATATCTT
PAms16,ATAAGATAGGATCTCCCCCACCTGCTGGATCAAAGAAGGATGTGTTAAAATTACGATCAAACAACAATATTGTAATTGCTGCAGCTAATACTGGCAAAGATAATAACAATAAAACCGTTGTGACTAAAACAGTCCATACAAATAAAGGTATATTAAATAATCTCCAACCTTTTGCCTTTATATTAAATATAGTAGTTATAAAATTTAAACTACCCAAGATACTAGAAACCCTAGCCAAATGTAGTGAAAAAATAGCACTATCTAATGCTGGCCTTGAATGTGCTAAATTCCCAGCTAAAGGAGGGTAAACTGTCCAACCTGTCCTAACACCACTCTCAATAAGAGAAGAAATAAGAAGTAGAAAAAATGCTGGGGGTAAAAACCAAAAACTCATATTATTTAACCGTGGAAAAGCCATATCAGGAGATCCTAATATCAAAGGTAACAACCAGTTTCCAAAACCCCTAATTATTATGGGCATAACGAAAAAAAAGATTATTACAAAAGCATGTGCAGTGACAATAACATTATACAACTGCCCATCACCAATTACTGGACCTGTTTGTGACAGCTCCATACGAATTAAGACACTTATCCCAGTTCCTACCAAACCTGCTCAAATTCTAAAAATAAAATATAGAGTCCCAATATCTT
PAms17,ATAAGATAGGATCTCCCCCACCTGCTGGATCAAAGAAGGATGTGTTAAAATTACGATCAAACAACAATATTGTAATTGCTGCAGCTAATACTGGCAAAGATAATAACAATAAAACCGTTGTGACTAAAACAGTCCATACAAATAAAGGTATATTAAATAATCTCCAACCTTTTGCCTTTATATTAAATATAGTAGTTATAAAATTTAAACTACCCAAGATACTAGAAACCCTAGCCAAATGTAGTGAAAAAATAGCACTATCTAATGCTGGCCTTGAATGTGCTAAATTCCCAGCTAAAGGAGGGTAAACTGTCCAACCTGTCCTAACACCGCTCTCAATAAGAGAAGAAATAAGAAGTAGAAAAAATGCTGGGGGTAAAAACCAAAAACTCATATTATTTAACCGTGGAAAAGCCATATCAGGAGATCCTAATATCAAAGGTAACAACCAGTTTCCAAAACCCCTAATTATTATGGGCATAACGAAAAAAAAGATTATTACAAAAGCATGTGCAGTGACAATAACATTATACAACTGCCCATCACCAATTACTGGACCTGTTTGTGACAGCTCCATACGAATTAAGACACTTATCCCAGTTCCTACCAAACCTGCTCAAATTCTAAAAATAAAATATAGAGTCCCAATATCT
PAms18,ATAAGATAGGATCTCCCCCACCTGCTGGATCAAAGAAGGATGTGTTAAAATTACGATCAAACAACAATATTGTAATTGCTGCAGCTAATACTGGCAAAGATAATAACAATAAAACCGTTGTGACTAAAACAGTCCATACAAATAAAGGTATATTAAATAATCTCCAACCTTTTGCCTTTATATTAAATATAGTAGTTATAAAATTTAAACTACCCAAGATACTAGAAACCCTAGCCAAATGTAGTGAAAAAATAGCACTATCTAATGCTGGCCTTGAATGTGCTAAATTCCCAGCTAAAGGAGGGTAAACTGTCCAACCTGTCCTAACACCGCTCTCAATAAGAGAAGAAATAAGAAGTAGAAAAAATGCTGGGGGTAAAAACCAAAAACTCATATTATTTAACCGTGGAAAAGCCATATCAGGAGATCCTAATATCAAAGGTAACAACCAGTTTCCAAAACCCCTAATTATTATGGGCATAACGAAAAAAAAGATTATTACAAAAGCATGTGCAGTGACAATAACATTATACAACTGCCCATCACCAATTACTGGACCTGTTTGTGACAGCTCCATACGAATTAAGACACTTATCCCAGTTCCTACCAAACCTGCTCAAATTCTAAAAATAAAATATAGAGTCCCAATATCTT
PAms19,ATAAGATAGGATCTCCCCCACCTGCTGGATCAAAGAAGGATGTGTTAAAATTACGATCAAACAACAATATTGTAATTGCTGCAGCTAATACTGGCAAAGATAATAACAATAAAACCGTTGTGACTAAAACAGTCCATACAAATAAAGGTATATTAAATAATCTCCAACCTTTTGCCTTTATATTAAATATAGTAGTTATAAAATTTAAACTACCCAAGATACTAGAAACCCTAGCCAAATGTAGTGAAAAAATAGCACTATCTAATGCTGGCCTTGAATGTGCTAAATTCCCAGCTAAAGGAGGGTAAACTGTCCAACCTGTCCTAACACCGCTCTCAATAAGAGAAGAAATAAGAAGTAGAAAAAATGCTGGGGGTAAAAACCAAAAACTCATATTATTTAACCGTGGAAAAGCCATATCAGGAGATCCTAATATCAAAGGTAACAACCAGTTTCCAAAACCCCTAATTATTATGGGCATAACGAAAAAAAAGATTATTACAAAAGCATGTGCAGTGACAATAACATTATACAACTGCCCATCACCAATTACTGGACCTGTTTGTGACAGCTCCATACGAATTAAGACACTTATCCCAGTTCCTACCAAACCTGCTCAAATTCTAAAAATAAAATATAGAGTCCCAATATCTT
PAms2,ATAAGATAGGATCTCCCCCACCTGCTGGATCAAAGAAGGATGTGTTAAAATTACGATCAAACAACAATATTGTAATTGCTGCAGCTAATACTGGCAAAGATAATAACAATAAAACCGTTGTGACTAAAACAGTCCATACAAATAAAGGTATATTAAATAATCTCCAACCTTTTGCCTTTATATTAAATATAGTAGTTATAAAATTTAAACTACCCAAGATACTAGAAACCCTAGCCAAATGTAGTGAAAAAATAGCACTATCTAATGCTGGCCTTGAATGTGCTAAATTCCCAGCTAAAGGAGGGTAAACTGTCCAACCTGTCCTAACACCGCTCTCAATAAGAGAAGAAATAAGAAGTAGAAAAAATGCTGGGGGTAAAAACCAAAAACTCATATTATTTAACCGTGGAAAAGCCATATCAGGAGATCCTAATATCAAAGGTAACAACCAGTTTCCAAAACCCCTAATTATTATGGGCATAACGAAAAAAAAGATTATTACAAAAGCATGCGCAGTGACAATAACATTATACAACTGCCCATCACCAATTACTGGACCTGTTTGTGACAGCTCCATACGAATTAAGACACTTATCCCAGTTCCTACCAAACCTGCTCAAATTCTAAAAATAAAATATAGAGTCCCAATATCTT
PAms21,TAAGATAGGATCTCCCCCACCTGCTGGATCAAAGAAGGATGTGTTAAAATTACGATCAAACAACAATATTGTAATTGCTGCAGCTAATACTGGCAAAGATAATAACAATAAAACCGTTGTGACTAAAACAGTCCATACAAATAAAGGTATATTAAATAATCTCCAACCTTTTGCCTTTATATTAAATATAGTAGTTATAAAATTTAAACTACCCAAGATACTAGAAACCCTAGCCAAATGTAGTGAAAAAATAGCACTATCTAATGCTGGCCTTGAATGTGCTAAATTCCCAGCTAAAGGAGGGTAAACTGTCCAACCTGTCCTAACACCGCTCTCAATAAGAGAAGAAATAAGAAGTAGAAAAAATGCTGGGGGTAAAAACCAAAAACTCATATTATTTAACCGTGGAAAAGCCATATCAGGAGATCCTAATATCAAAGGTAACAACCAGTTTCCAAAACCCCTAATTATTATGGGCATAACGAAAAAAAAGATTATTACAAAAGCATGTGCAGTGACAATAACATTATACAACTGCCCATCACCAATTACTGGACCTGTTTGTGACAGCTCCATACGAATTAAGACACTTATCCCAGTTCCTACCAAACCTGCTCAAATTCTAAAAATAAAATATAGAGTCCCAATATCTTTA
PAms22,AGATAGGATCTCCCCCACCTGCTGGATCAAAGAAGGATGTGTTAAAATTACGATCAAACAACAATATTGTAATTGCTGCAGCTAATACTGGCAAAGATAATAACAATAAAACCGTTGTGACTAAAACAGTCCATACAAATAAAGGTATATTAAATAATCTCCAACCTTTTGCCTTTATATTAAATATAGTAGTTATAAAATTTAAACTACCCAAGATACTAGAAACCCTAGCCAAATGTAGTGAAAAAATAGCACTATCTAATGCTGGCCTTGAATGTGCTAAATTCCCAGCTAAAGGAGGGTAAACTGTCCAACCTGTCCTAACACCACTCTCAATAAGAGAAGAAATAAGAAGTAGAAAAAATGCTGGGGGTAAAAACCAAAAACTCATATTATTTAACCGTGGAAAAGCCATATCAGGAGATCCTAATATCAAAGGTAACAACCAGTTTCCAAAACCCCTAATTATTATGGGCATAACGAAAAAAAAGATTATTACAAAAGCATGTGCAGTGACAATAACATTATACAACTGCCCATCACCAATTACTGGACCTGTTTGTGACAGCTCCATACGAATTAAGACACTTATCCCAGTTCCTACCAAACCTGCTCAAATTCTAAAAATAAAATATAGAGTCCCAATATCT
PAms23,AGATAGGATCTCCCCCACCTGCTGGATCAAAGAAGGATGTGTTAAAATTACGATCAAACAACAATATTGTAATTGCTGCAGCTAATACTGGCAAAGATAATAACAATAAAACCGTTGTGACTAAAACAGTCCATACAAATAAAGGTATATTAAATAATCTCCAACCTTTTGCCTTTATATTAAATATAGTAGTTATAAAATTTAAACTACCCAAGATACTAGAAACCCTAGCCAAATGTAGTGAAAAAATAGCACTATCTAATGCTGGCCTTGAATGTGCTAAATTCCCAGCTAAAGGAGGGTAAACTGTCCAACCTGTCCTAACACCGCTCTCAATAAGAGAAGAAATAAGAAGTAGAAAAAATGCTGGGGGTAAAAACCAAAAACTCATATTATTTAACCGTGGAAAAGCCATATCAGGAGATCCTAATATCAAAGGTAACAACCAGTTTCCAAAACCCCTAATTATTATGGGCATAACGAAAAAAAAGATTATTACAAAAGCATGTGCAGTGACAATAACATTATACAACTGCCCATCACCAATTACTGGACCTGTTTGTGACAGCTCCATACGAATTAAGACACTTATCCCAGTTCCTACCAAACCTGCTCAAATTCTAAAAATAAAATATAGAGTCCCAATATCTTTATGATT
PAms24,ATAAGATAGGATCTCCCCCACCTGCTGGATCAAAGAAGGATGTGTTAAAATTACGATCAAACAACAATATTGTAATTGCTGCAGCTAATACTGGCAAAGATAATAACAATAAAACCGTTGTGACTAAAACAGTCCATACAAATAAAGGTATATTAAATAATCTCCAACCTTTTGCCTTTATATTAAATATAGTAGTTATAAAATTTAAACTACCCAAGATACTAGAAACCCTAGCCAAATGTAGTGAAAAAATAGCACTATCTAATGCTGGCCTTGAATGTGCTAAATTCCCAGCTAAAGGAGGGTAAACTGTCCAACCTGTCCTAACACCGCTCTCAATAAGAGAAGAAATAAGAAGTAGAAAAAATGCTGGGGGTAAAAACCAAAAACTCATATTATTTAACCGTGGAAAAGCCATATCAGGAGATCCTAATATCAAAGGTAACAACCAGTTTCCAAAACCCCTAATTATTATGGGCATAACGAAAAAAAAGATTATTACAAAAGCATGTGCAGTGACAATAACATTATACAACTGCCCATCACCAATTACTGGACCTGTTTGTGACAGCTCCATACGAATTAAGACACTTATCCCAGTTCCTACCAAACCTGCTCAAATTCTAAAAATAAAATATAGGGTCCCAATATCTT
PAms25,ATAAGATAGGATCTCCCCCACCTGCTGGATCAAAGAAGGATGTGTTAAAATTACGATCAAACAACAATATTGTAATTGCTGCAGCTAATACTGGCAAAGATAATAACAATAAAACCGTTGTGACTAAAACAGTCCATACAAATAAAGGTATATTAAATAATCTCCAACCTTTTGCCTTTATATTAAATATAGTAGTTATAAAATTTAAACTACCCAAGATACTAGAAACCCTAGCCAAATGTAGTGAAAAAATAGCACTATCTAATGCTGGCCTTGAATGTGCTAAATTCCCAGCTAAAGGAGGGTAAACTGTCCAACCTGTCCTAACACCGCTCTCAATAAGAGAAGAAATAAGAAGTAGAAAAAATGCTGGGGGTAAAAACCAAAAACTCATATTATTTAACCGTGGAAAAGCCATATCAGGAGATCCTAATATCAAAGGTAACAACCAGTTTCCAAAACCCCTAATTATTATGGGCATAACGAAAAAAAAGATTATTACAAAAGCATGTGCAGTGACAATAACATTATACAACTGCCCATCACCAATTACTGGACCTGTTTGTGACAGCTCCATACGAATTAAGACACTTATCCCAGTTCCTACCAAACCTGCTCAAATTCTAAAAATAAAATATAGAGTCCCAATATCTT
PAms26,ATAAGATAGGATCTCCCCCACCTGCTGGATCAAAGAAGGATGTGTTAAAATTACGATCAAACAACAATATTGTAATTGCTGCAGCTAATACTGGCAAAGATAATAACAATAAAACCGTTGTGACTAAAACAGTCCATACAAATAAAGGTATATTAAATAATCTCCAACCTTTTGCCTTTATATTAAATATAGTAGTTATAAAATTTAAACTACCCAAGATACTAGAAACCCTAGCCAAATGTAGTGAAAAAATAGCACTATCTAATGCTGGCCTTGAATGTGCTAAATTCCCAGCTAAAGGAGGGTAAACTGTCCAACCTGTCCTAACACCGCTCTCAATAAGAGAAGAAATAAGAAGTAGAAAAAATGCTGGGGGTAAAAACCAAAAACTCATATTATTTAACCGTGGAAAAGCCATATCAGGAGATCCTAATATCAAAGGTAACAACCAGTTTCCAAAACCCCTAATTATTATGGGCATAACGAAAAAAAAGATTATTACAAAAGCATGTGCAGTGACAATAACATTATACAACTGCCCATCACCAATTACTGGACCTGTTTGTGACAGCTCCATACGAATTAAGACACTTATCCCAGTTCCTACCAAACCTGCTCAAATTCTAAAAATAAAATATAGAGTCCCAATATCTT
PAms27,ATAAGATAGGATCTCCCCCACCTGCTGGATCAAAGAAGGATGTGTTAAAATTACGATCAAACAACAATATTGTAATTGCTGCAGCTAATACTGGCAAAGATAATAACAATAAAACCGTTGTGACTAAAACAGTCCATACAAATAAAGGTATATTAAATAATCTCCAACCTTTTGCCTTTATATTAAATATAGTAGTTATAAAATTTAAACTACCCAAGATACTAGAAACCCTAGCCAAATGTAGTGAAAAAATAGCACTATCTAATGCTGGCCTTGAATGTGCTAAATTCCCAGCTAAAGGAGGGTAAACTGTCCAACCTGTCCTAACACCGCTCTCAATAAGAGAAGAAATAAGAAGTAGAAAAAATGCTGGGGGTAAAAACCAAAAACTCATATTATTTAACCGTGGAAAAGCCATATCAGGAGATCCTAATATCAAAGGTAACAACCAGTTTCCAAAACCCCTAATTATTATGGGCATAACGAAAAAAAAGATTATTACAAAAGCATGTGCAGTGACAATAACATTATACAACTGCCCATCACCAATTACTGGACCTGTTTGTGACAGCTCCATACGAATTAAGACACTTATCCCAGTTCCTACCAAACCTGCTCAAATTCTAAAAATAAAATATAGAGTCCCAATATCTT
PAms28,ATCAAACAACAATATTGTAATTGCTGCAGCTAATACTGGCAAAGATAATAACAATAAAACCGTTGTGACTAAAACAGTCCATACAAATAAAGGTATATTAAATAATCTCCAACCTTTTGCCTTTATATTAAATATAGTAGTTATAAAATTTAAACTACCCAAGATACTAGAAACCCTAGCCAAATGTAATGAAAAAATAGCACTATCTAATGCTGGCCTTGAATGTGCTAAATTCCCAGCTAAAGGAGGGTAAACTGTCCAACCTGTCCTAACACCGCTCTCAATAAGAGAAGAAATAAGAAGTAGAAAAAATGCTGGGGGTAAAAACCAAAAACTCATATTATTTAACCGTGGAAAAGCCATATCAGGAGATCCTAATATCAAAGGTAACAACCAGTTTCCAAAACCCCTAATTATTATGGGCATAACGAAAAAAAAGATTATTACAAAAGCATGTGCAGTGACAATAACATTATACAACTGCCCATCACCAATTACTGGACCTGTTTGTGACAGCTCCATACGAATTAAGACACTTATCCCAGTTCCTACCAAACCTGCTCAAATTCTAAAAATAAAATATAGAGTCCCAATATCTTTA
PAms29,AGATAGGATCTCCCCCACCTGCTGGATCAAAGAAGGATGTGTTAAAATTACGATCAAACAACAATATTGTAATTGCTGCAGCTAATACTGGCAAAGATAATAACAATAAAACCGTTGTGACTAAAACAGTCCATACAAATAAAGGTATATTAAATAATCTCCAACCTTTTGCCTTTATATTAAATATAGTAGTTATAAAATTTAAACTACCCAAGATACTAGAAACCCTAGCCAAATGTAGTGAAAAAATAGCACTATCTAATGCTGGCCTTGAATGTGCTAAATTCCCAGCTAAAGGAGGGTAAACTGTCCAACCTGTCCTAACACCGCTCTCAATAAGAGAAGAAATAAGAAGTAGAAAAAATGCTGGGGGTAAAAACCAAAAACTCATATTATTTAACCGTGGAAAAGCCATATCAGGAGATCCTAATATCAAAGGTAACAACCAGTTTCCAAAACCCCTAATTATTATGGGCATAACGAAAAAAAAGATTATTACAAAAGCATGTGCAGTGACAATAACATTATACAACTGCCCATCACCAATTACTGGACCTGTTTGTGACAGCTCCATACGAATTAAGACACTTATCCCAGTTCCTACCAAACCTGCTCAAATTCTAAAAATAAAATATAGAGTCCCAATATCT
PAms3,ATAAGATAGGATCTCCCCCACCTGCTGGATCAAAGAAGGATGTGTTAAAATTACGATCAAACAACAATATTGTAATTGCTGCAGCTAATACTGGCAAAGATAATAACAATAAAACCGTTGTGACTAAAACAGTCCATACAAATAAAGGTATATTAAATAATCTCCAACCTTTTGCCTTTATATTAAATATAGTAGTTATAAAATTTAAACTACCCAAGATACTCGAAACCCTAGCCAAATGTAGTGAAAAAATAGCACTATCTAATGCTGGCCTTGAATGTGCTAAATTCCCAGCTAAAGGAGGGTAAACTGTCCAACCTGTCCTAACACCGCTCTCAATAAGAGAAGAAATAAGAAGTAGAAAAAATGCTGGGGGTAAAAACCAAAAACTCATATTATTTAACCGTGGAAAAGCCATATCAGGAGATCCTAATATCAAAGGTAACAACCAGTTTCCAAAACCCCTAATTATTATGGGCATAACGAAAAAAAAGATTATTACAAAAGCATGTGCAGTGACAATAACATTATACAACTGCCCATCACCAATTACTGGACCTGTTTGTGACAGCTCCATACGAATTAAGACACTTATCCCAGTTCCTACCAAACCTGCTCAAATTCTAAAAATAAAATATAGAGTCCCAATATCTT
PAms30,AGATAGGATCTCCCCCACCTGCTGGATCAAAGAAGGATGTGTTAAAATTACGATCAAACAACAATATTGTAATTGCTGCAGCTAATACTGGCAAAGATAATAACAATAAAACCGTTGTGACTAAAACAGTCCATACAAATAAAGGTATATTAAATAATCTCCAACCTTTTGCCTTTATATTAAATATAGTAGTTATAAAATTTAAACTACCCAAGATACTAGAAACCCTAGCCAAATGTAGTGAAAAAATAGCACTATCTAATGCTGGCCTTGAATGTGCTAAATTCCCAGCTAAAGGAGGGTAAACTGTCCAACCTGTCCTAACACCGCTCTCAATAAGAGAAGAAATAAGAAGTAGAAAAAATGCTGGGGGTAAAAACCAAAAACTCATATTATTTAACCGTGGAAAAGCCATATCAGGAGATCCTAATATCAAAGGTAACAACCAGTTTCCAAAACCCCTAATTATTATGGGCATAACGAAAAAAAAGATTATTACAAAAGCATGTGCAGTGACAATAACATTATACAACTGCCCATCACCAATTACTGGACCTGTTTGTGACAGCTCCATACGAATTAAGACACTTATCCCAGTTCCTACCAAACCTGCTCAAATTCTAAAAATAAAATATAGAGTCCCAATATCT
PAms31,AGATAGGATCTCCCCCACCTGCTGGATCAAAGAAGGATGTGTTAAAATTACGATCAAACAACAATATTGTAATTGCTGCAGCTAATACTGGCAAAGATAATAACAATAAAACCGTTGTGACTAAAACAGTCCATACAAATAAAGGTATATTAAATAATCTCCAACCTTTTGCCTTTATATTAAATATAGTAGTTATAAAATTTAAACTACCCAAGATACTAGAAACCCTAGCCAAATGTAATGAAAAAATAGCACTATCTAATGCTGGCCTTGAATGTGCTAAATTCCCAGCTAAAGGAGGGTAAACTGTCCAACCTGTCCTAACACCGCTCTCAATAAGAGAAGAAATAAGAAGTAGAAAAAATGCTGGGGGTAAAAACCAAAAACTCATATTATTTAACCGTGGAAAAGCCATATCAGGAGATCCTAATATCAAAGGTAACAACCAGTTTCCAAAACCCCTAATTATTATGGGCATAACGAAAAAAAAGATTATTACAAAAGCATGTGCAGTGACAATAACATTATACAACTGCCCATCACCAATTACTGGACCTGTTTGTGACAGCTCCATACGAATTAAGACACTTATCCCAGTTCCTACCAAACCTGCTCAAATTCTAAAAATAAAATATAGAGTCCCAATATCTT
PAms4,AGATAGGATCTCCCCCACCTGCTGGATCAAAGAAGGATGTGTTAAAATTACGATCAAACAACAATATTGTAATTGCTGCAGCTAATACTGGCAAAGATAATAACAATAAAACCGTTGTGACTAAAACAGTCCATACAAATAAAGGTATATTAAATAATCTCCAACCTTTTGCCTTTATATTAAATATAGTAGTTATAAAATTTAAACTACCCAAGATACTAGAAACCCTAGCCAAATGTAGTGAAAAAATAGCACTATCTAATGCTGGCCTTGAATGTGCTAAATTCCCAGCTAAAGGAGGGTAAACTGTCCAACCTGTCCTAACACCGCTCTCAATAAGAGAAGAAATAAGAAGTAGAAAAAATGCTGGGGGTAAAAACCAAAAACTCATATTATTTAACCGTGGAAAAGCCATATCAGGAGATCCTAATATCAAAGGTAACAACCAGTTTCCAAAACCCCTAATTATTATGGGCATAACGAAAAAAAAGATTATTACAAAAGCATGTGCAGTGACAATAACATTATACAACTGCCCATCACCAATTACTGGACCTGTTTGTGACAGCTCCATACGAATTAAGACACTTATCCCAGTTCCTACCAAACCTGCTCAAATTCTAAAAATAAAATATAGAGTCCCAATATCT
PAms5,AGATAGGATCTCCCCCACCTGCTGGATCAAAGAAGGATGTGTTAAAATTACGATCAAACAACAATATTGTAATTGCTGCAGCTAATACTGGCAAAGATAATAACAATAAAACCGTTGTGACTAAAACAGTCCATACAAATAAAGGTATATTAAATAATCTCCAACCTTTTGCCTTTATATTAAATATAGTAGTTATAAAATTTAAACTACCCAAGATACTAGAAACCCTAGCCAAATGTAGTGAAAAAATAGCACTATCTAATGCTGGCCTTGAATGTGCTAAATTCCCAGCTAAAGGAGGGTAAACTGTCCAACCTGTCCTAACACCGCTCTCAATAAGAGAAGAAATAAGAAGTAGAAAAAATGCTGGGGGTAAAAACCAAAAACTCATATTATTTAACCGTGGAAAAGCCATATCAGGAGATCCTAATATCAAAGGTAACAACCAGTTTCCAAAACCCCTAATTATTATGGGCATAACGAAAAAAAAGATTATTACAAAAGCATGTGCAGTGACAATAACATTATACAACTGCCCATCACCAATTACTGGACCTGTTTGTGACAGCTCCATACGAATTAAGACACTTATCCCAGTTCCTACCAAACCTGCTCAAATTCTAAAAATAAAATATAGAGTCCCAATATCTTTATGAT
PAms6,AGATAGGATCTCCCCCACCTGCTGGATCAAAGAAGGATGTGTTAAAATTACGATCAAACAACAATATTGTAATTGCTGCAGCTAATACTGGCAAAGATAATAACAATAAAACCGTTGTGACTAAAACAGTCCATACAAATAAAGGTATATTAAATAATCTCCAACCTTTTGCCTTTATATTAAATATAGTAGTTATAAAATTTAAACTACCCAAGATACTAGAAACCCTAGCCAAATGTAGTGAAAAAATAGCACTATCTAATGCTGGCCTTGAATGTGCTAAATTCCCAGCTAAAGGAGGATAAACTGTCCAACCTGTCCTAACACCGCTCTCAATAAGAGAAGAAATAAGAAGTAGAAAAAATGCTGGGGGTAAAAACCAAAAACTCATATTATTTAACCGTGGAAAAGCCATATCAGGAGATCCTAATATCAAAGGTAACAACCAGTTTCCAAAACCCCTAATTATTATGGGCATAACGAAAAAAAAGATTATTACAAAAGCATGTGCAGTGACAATAACATTATACAACTGCCCATCACCAATTACTGGACCTGTTTGTGACAGCTCCATACGAATTAAGACACTTATCCCAGTTCCTACCAAACCTGCTCAAATTCTAAAAATAAAATATAGAGTCCCAATATCTT
PAms7,AGATAGGATCTCCCCCACCTGCTGGATCAAAGAAGGATGTGTTAAAATTACGATCAAACAACAATATTGTAATTGCTGCAGCTAATACTGGCAAAGATAATAACAATAAAACCGTTGTGACTAAAACAGTCCATACAAATAAAGGTATATTAAATAATCTCCAACCTTTTGCCTTTATATTAAATATAGTAGTTATAAAATTTAAACTACCCAAGATACTAGAAACCCTAGCCAAATGTAGTGAAAAAATAGCACTATCTAATGCTGGCCTTGAATGTGCTAAATTCCCAGCTAAAGGAGGGTAAACTGTCCAACCTGTCCTAACACCGCTCTCAATAAGAGAAGAAATAAGAAGTAGAAAAAATGCTGGGGGTAAAAACCAAAAACTCATATTATTTAACCGTGGAAAAGCCATATCAGGAGATCCTAATATCAAAGGTAACAACCAGTTTCCAAAACCCCTAATTATTATGGGCATAACGAAAAAAAAGATTATTACAAAAGCATGTGCAGTGACAATAACATTATACAACTGCCCATCACCAATTACTGGACCTGTTTGTGACAGCTCCATACGAATTAAGACACTTATCCCAGTTCCTACCAAACCTGCTCAAATTCTAAAAATAAAATATAGAGTCCCAATATCTT
PAms8,ATAAGATAGGATCTCCCCCACCTGCTGGATCAAAGAAGGATGTGTTAAAATTACGATCAAACAACAATATTGTAATTGCTGCAGCTAATACTGGCAAAGATAATAACAATAAAACCGTTGTGACTAAAACAGTCCATACAAATAAAGGTATATTAAATAATCTCCAACCTTTTGCCTTTATATTAAATATAGTAGTTATAAAATTTAAACTACCCAAGATACTAGAAACCCTAGCCAAATGTAGTGAAAAAATAGCACTATCTAATGCTGGCCTTGAATGTGCTAAATTCCCAGCTAAAGGAGGGTAAACTGTCCAACCTGTCCTAACACCGCTCTCAATAAGAGAAGAAATAAGAAGTAGAAAAAATGCTGGGGGTAAAAACCAAAAACTCATATTATTTAACCGTGGAAAAGCCATATCAGGAGATCCTAATATCAAAGGTAACAACCAGTTTCCAAAACCCCTAATTATTATGGGCATAACGAAAAAAAAGATTATTACAAAAGCATGCGCAGTGACAATAACATTATACAACTGCCCATCACCAATTACTGGACCTGTTTGTGACAGCTCCATACGAATTAAGACACTTATCCCAGTTCCTACCAAACCTGCTCAAATTCTAAAAATAAAATATAGAGTCCCAATATCTT
PAms9,ATAAGATAGGATCTCCCCCACCTGCTGGATCAAAGAAGGATGTGTTAAAATTACGATCAAACAACAATATTGTAATTGCTGCAGCTAATACTGGCAAAGATAATAACAATAAAACCGTTGTGACTAAAACAGTCCATACAAATAAAGGTATATTAAATAATCTCCAACCTTTTGCCTTTATATTAAATATAGTAGTTATAAAATTTAAACTACCCAAGATACTAGAAACCCTAGCCAAATGTAGTGAAAAAATAGCACTATCTAATGCTGGCCTTGAATGTGCTAAATTCCCAGCTAAAGGAGGGTAAACTGTCCAACCTGTCCTAACACCGCTCTCAATAAGAGAAGAAATAAGAAGTAGAAAAAATGCTGGGGGTAAAAACCAAAAACTCATATTATTTAACCGTGGAAAAGCCATATCAGGAGATCCTAATATCAAAGGTAACAACCAGTTTCCAAAACCCCTAATTATTATGGGCATAACGAAAAAAAAGATTATTACAAAAGCATGTGCAGTGACAATAACATTATACAACTGCCCATCACCAATTACTGGACCTGTTTGTGACAGCTCCATACGAATTAAGACACTTATCCCAGTTCCTACCAAACCTGCTCAAATTCTAAAAATAAAATATAGAGTCCCAATATCTT
PEms.1,TATATTTTATTTTTAGAATTTGAGCAGGTTTGGTAGGAACTGGGATAAGTGTCTTAATTCGTATGGAGCTGTCACAAACAGGTCCAGTAATTGGTGATGGGCAGTTGTATAATGTTATTGTCACTGCACATGCTTTTGTAATAATCTTTTTTTTCGTTATGCCCATAATAATTAGGGGTTTTGGAAACTGGTTGTTACCTTTGATATTAGGATCTCCTGATATGGCTTTTCCACGGTTAAATAATATGAGTTTTTGGTTTTTACCCCCAGCATTTTTTCTACTTCTTATTTCTTCTCTTATTGAGAGCGGTGTTAGGACAGGTTGGACAGTTTACCCTCCTTTAGCTGGGAATTTAGCACATTCAAGGCCAGCATTAGATAGTGCTATTTTTTCACTACATTTGGCTAGGGTTTCTAGTATCTTGGGTAGTTTAAATTTTATAACTACTATATTTAATATAAAGGCAAAAGGTTGGAGATTATTTAATATACCTTTATTTGTATGGACTGTTTTAGTCACAACGGTTTTATTGTTATTATCTTTGCCAGTATTAGCTGCAGCAATTACAATATTGTTGTTTGATCGTAATTTTAACACAT
PEms.10,TATATTTTATTTTTAGAATTTGAGCAGGTTTGGTAGGAACTGGGATAAGTGTCTTAATTCGTATGGAGCTGTCACAAACAGGTCCAGTAATTGGTGATGGGCAGTTGTATAATGTTATTGTCACTGCACATGCTTTTGTAATAATCTTTTTTTTCGTTATGCCCATAATAATTAGGGGTTTTGGAAACTGGTTGTTACCTTTGATATTAGGATCTCCTGATATGGCTTTTCCACGGTTAAATAATATGAGTTTTTGGTTTTTACCCCCAGCATTTTTTCTACTTCTTATTTCTTCTCTTATTGAGAGCGGTGTTAGGACAGGTTGGACAGTTTACCCTCCTTTAGCTGGGAATTTAGCACATTCAAGGCCAGCATTAGATAGTGCTATTTTTTCACTACATTTGGCTAGGGTTTCTAGTATCTTGGGTAGTTTAAATTTTATAACTACTATATTTAATATAAAGGCAAAAGGTTGGAGATTATTTAATATACCTTTATTTGTATGGACTGTTTTAGTCACAACGGTTTTATTGTTATTATCTTTGCCAGTATTAGCTGCAGCAATTACAATATTGTTGTTTGATCGTAATTTTAACACATCCTTCTTTGATCCAGCAGGTGGGGGAGA
PEms.11,TGGGACTCTATATTTTATTTTTAGAATTTGAGCAGGTTTGGTAGGAACTGGGATAAGTGTCTTAATTCGTATGGAGCTGTCACAAACAGGTCCAGTAATTGGTGATGGGCAGTTGTATAATGTTATTGTCACTGCACATGCTTTTGTAATAATCTTTTTTTTCGTTATGCCCATAATAATTAGGGGTTTTGGAAACTGGTTGTTACCTTTGATATTAGGATCTCCTGATATGGCTTTTCCACGGTTAAATAATATGAGTTTTTGGTTTTTACCCCCAGCATTTTTTCTACTTCTTATTTCTTCTCTTATTGAGAGCGGTGTTAGGACAGGTTGGACAGTTTACCCTCCTTTAGCTGGGAATTTAGCACATTCAAGGCCAGCATTAGATAGTGCTATTTTTTCACTACATTTGGCTAGGGTTTCTAGTATCTTGGGTAGTTTAAATTTTATAACTACTATATTTAATATAAAGGCAAAAGGTTGGAGATTATTTAATATACCTTTATTTGTATGGACTGTTTTAGTCACAACGGTTTTATTGTTATTATCTTTGCCAGTATTAGCTGCAGCAATTACAATATTGTTGTTTGATCGTAATTTTAACACATCCTTCTTTGATCCAGCAGGTGGGGGG
PEms.12,AGATATTGGGACTCTATATTTTATTTTTAGAATTTGAGCAGGTTTGGTAGGAACTGGGATAAGTGTCTTAATTCGTATGGAGCTGTCACAAACAGGTCCAGTAATTGGTGATGGGCAGTTGTATAATGTTATTGTCACTGCACATGCTTTTGTAATAATCTTTTTTTTCGTTATGCCCATAATAATTAGGGGTTTTGGAAACTGGTTGTTACCTTTGATATTAGGATCTCCTGATATGGCTTTTCCACGGTTAAATAATATGAGTTTTTGGTTTTTACCCCCAGCATTTTTTCTACTTCTTATTTCTTCTCTTATTGAGAGCGGTGTTAGGACAGGTTGGACAGTTTACCCTCCTTTAGCTGGGAATTTAGCACATTCAAGGCCAGCATTAGATAGTGCTATTTTTTCACTACATTTGGCTAGGGTTTCTAGTATCTTGGGTAGTTTAAATTTTATAACTACTATATTTAATATAAAGGCAAAAGGTTGGAGATTATTTAATATACCTTTATTTGTATGGACTGTTTTAGTCACAACGGTTTTATTGTTATTATCTTTGCCAGTATTAGCTGCAGCAATTACAATATTGTTGTTTGATCGTAATTTTAACACATCCTTCTTTGATCCAGCAGGTGGGGGAGATCCTATC
PEms.13,AAGATATTGGGACTCTATATTTTATTTTTAGAATTTGAGCAGGTTTGGTAGGAACTGGGATAAGTGTCTTAATTCGTATGGAGCTGTCACAAACAGGTCCAGTAATTGGTGATGGGCAGTTGTATAATGTTATTGTCACTGCACATGCTTTTGTAATAATCTTTTTTTTCGTTATGCCCATAATAATTAGGGGTTTTGGAAACTGGTTGTTACCTTTGATGTTAGGATCTCCTGATATGGCTTTTCCACGGTTAAATAATATGAGTTTTTGGTTTTTACCCCCAGCATTTTTTCTACTTCTTATTTCTTCTCTTATTGAGAGCGGTGTTAGGACAGGTTGGACAGTTTACCCTCCTTTAGCTGGGAATTTAGCACATTCAAGGCCAGCATTAGATAGTGCTATTTTTTCACTACATTTGGCTAGAGTTTCTAGTATCTTGGGTAGTTTAAATTTTATAACTACTATATTTAATATAAAGGCAAAAGGTTGGAGATTATTTAATATACCTTTATTTGTATGGACTGTTTTAGTCACAACGGTTTTATTGTTATTATCTTTGCCAGTATTAGCTGCAGCAATTACAATATTGTTGTTTGATCGTAATTTTAACACATCCTTCTTTGATCCAGCAGGTGGGGGAGATCCTAT
PEms.14,ATATTGGGACTCTATATTTTATTTTTAGAATTTGAGCAGGTTTGGTAGGAACTGGGATAAGTGTCTTAATTCGTATGGAGCTGTCACAAACAGGTCCAGTAATTGGTGATGGGCAGTTGTATAATGTTATTGTCACTGCACATGCTTTTGTAATAATCTTTTTTTTCGTTATGCCCATAATAATTAGGGGTTTTGGAAACTGGTTGTTACCTTTGATATTAGGATCTCCTGATATGGCTTTTCCACGGTTAAATAATATGAGTTTTTGGTTTTTACCCCCAGCATTTTTTCTACTTCTTATTTCTTCTCTTATTGAGAGCGGTGTTAGGACAGGTTGGACAGTTTACCCTCCTTTAGCTGGGAATTTAGCACATTCAAGGCCAGCATTAGATAGTGCTATTTTTTCACTACATTTGGCTAGGGTTTCTAGTATCTTGGGTAGTTTAAATTTTATAACTACTATATTTAATATAAAGGCAAAAGGTTGGAGATTATTTAATATACCTTTATTTGTATGGACTGTTTTAGTCACAACGGTTTTATTGTTATTATCTTTGCCAGTATTAGCTGCAGCAATTACAATATTGTTGTTTGATCGTAATTTTAACACATCCTTCTTTGATCCAGCAGGTGGGGGAGATCCTATCTTAT
PEms.15,ATCATAAAGATATTGGGACTCTATATTTTATTTTTAGAATTTGAGCAGGTTTGGTAGGAACTGGGATAAGTGTCTTAATTCGTATGGAGCTGTCACAAACAGGTCCAGTAATTGGTGATGGGCAGTTGTATAATGTTATTGTCACTGCACATGCTTTTGTAATAATCTTTTTTTTCGTTATGCCCATAATAATTAGGGGTTTTGGAAACTGGTTGTTACCTTTGATATTAGGATCTCCTGATATGGCTTTTCCACGGTTAAATAATATGAGTTTTTGGTTTTTACCCCCAGCATTTTTTCTACTTCTTATTTCTTCTCTTATTGAGAGCGGTGTTAGGACAGGTTGGACAGTTTACCCTCCTTTAGCTGGGAATTTAGCACATTCAAGGCCAGCATTAGATAGTGCTATTTTTTCACTACATTTGGCTAGGGTTTCTAGTATCTTGGGTAGTTTAAATTTTATAACTACTATATTTAATATAAAGGCAAAAGGTTGGAGATTATTTAATATACCTTTATTTGTATGGACTGTTTTAGTCACAACGGTTTTATTGTTATTATCTTTGCCAGTATTAGCTGCAGCAATTACAATATTGTTGTTTGATCGTAATTTTAACACATCCTTCTTTGATCCAGCAGGTGGGGGAGATCCTATCT
PEms.16,AGATATTGGGACTCTATATTTTATTTTTAGAATTTGAGCAGGTTTGGTAGGAACTGGGATAAGTGTCTTAATTCGTATGGAGCTGTCACAAACAGGTCCAGTAATTGGTGATGGGCAGTTGTATAATGTTATTGTCACTGCACATGCTTTTGTAATAATCTTTTTTTTCGTTATGCCTATAATAATTAGGGGTTTTGGAAACTGGTTGTTACCTTTGATATTAGGATCTCCTGATATGGCTTTTCCACGGTTAAATAATATGAGTTTTTGGTTTTTACCCCCAGCATTTTTTCTACTTCTTATTTCTTCTCTTATTGAGAGTGGTGTTAGGACAGGTTGGACAGTTTACCCTCCTTTAGCTGGGAATTTAGCACATTCAAGGCCAGCATTAGATAGTGCTATTTTTTCACTACATTTGGCTAGGGTTTCTAGTATCTTGGGTAGTTTAAATTTTATAACTACTATATTTAATATAAAGGCAAAAGGTTGGAGATTATTTAATATACCTTTATTTGTATGGACTGTTTTAGTCACAACGGTTTTATTGTTATTATCTTTGCCAGTATTAGCTGCAGCAATTACAATATTGTTGTTTGATCGTAATTTTAACACATCCTTTTTTGATCCAGCAGGTGGGGGAGATCCTATC
PEms.17,ATATTGGAACTCTATATTTTATTTTTAGAATTTGAGCAGGTTTGGTAGGAACTGGGATAAGTGTCTTAATTCGTATGGAGCTGTCACAAACAGGTCCAGTAATTGGTGATGGGCAGTTGTATAATGTTATTGTCACTGCACATGCTTTTGTAATAATCTTTTTTTTTGTTATGCCCATAATAATCAGGGGTTTTGGAAACTGGTTGTTACCTTTGATATTAGGATCTCCTGATATGGCTTTTCCACGGTTAAATAATATGAGTTTTTGGTTTTTACCTCCAGCATTTTTTCTACTTCTTATTTCTTCTCTTATTGAGAGCGGTGTTAGGACAGGTTGGACAGTTTACCCTCCTTTAGCTGGGAATTTAGCACATTCAAGGCCAGCATTAGATAGTGCTATTTTTTCACTACATTTGGCTAGGGTTTCTAGTATCTTGGGTAGTTTAAATTTTATAACTACTATATTTAATATAAAGGCAAAAGGTTGGAGATTATTTAATATACCTTTATTTGTATGAACTGTTTTAGTTACAACGGTTTTATTGTTACTATCTCTGCCAGTATTAGCTGCAGCAATTACAATATTGTTGTTTGATCGTAATTTTAATACATCCTTCTTTGATCCAGCAGGTG
PEms.2,ATATTTTATTTTTAGAATTTGAGCAGGTTTGGTAGGAACTGGGATAAGTGTCTTAATTCGTATGGAGCTGTCACAAACAGGTCCAGTAATTGGTGATGGGCAGTTGTATAATGTTATTGTCACTGCACATGCTTTTGTAATAATCTTTTTTTTCGTTATGCCCATAATAATTAGGGGTTTTGGAAACTGGTTGTTACCTTTGATATTAGGATCTCCTGATATGGCTTTTCCACGGTTAAATAATATGAGTTTTTGGTTTTTACCCCCAGCATTTTTTCTACTTCTTATTTCTTCTCTTATTGAGAGCGGTGTTAGGACAGGTTGGACAGTTTACCCTCCTTTAGCTGGGAATTTAGCACATTCAAGGCCAGCATTAGATAGTGCTATTTTTTCACTACATTTGGCTAGGGTTTCTAGTATCTTGGGTAGTTTAAATTTTATAACTACTATATTTAATATAAAGGCAAAAGGTTGGAGATTATTTAATATACCTTTATTTGTATGGACGGTTTTAGTCACAACGGTTTTATTGTTATTATCTTTGCCAGTATTAGCTGCAGCAATTACAATATTGTTGTTTGATCGTAATTTTAACACATCCTTCTTTGATCCAGCAGGTGGGGGAG
PEms.24,ATAAGATAGGATCTCCCCCACCTGCTGGATCAAAGAAGGATGTGTTAAAATTACGATCAAACAACAATATTGTAATTGCTGCAGCTAATACTGGCAAAGATAATAACAATAAAACCGTTGTGACTAAAACAGTCCATACAAATAAAGGTATATTAAATAATCTCCAACCTTTTGCCTTTATATTAAATATAGTAGTTATAAAATTTAAACTACCCAAGATACTAGAAACCCTAGCCAAATGTAGTGAAAAAATAGCACTATCTAATGCTGGCCTTGAATGTGCTAAATTCCCAGCTAAAGGAGGGTAAACTGTCCAACCTGTCCTAACACCGCTCTCAATAAGAGAAGAAATAAGAAGTAGAAAAAATGCTGGGGGTAAAAACCAAAAACTCATATTATTTAACCGTGGAAAAGCCATATCAGGAGATCCTAATATCAAAGGTAACAACCAGTTTCCAAAACCCCTAATTATTATGGGCATAACGAAAAAAAAGATTATTACAAAAGCATGTGCAGTGACAATAACATTATACAACTGCCCATCACCAATTACTGGACCTGTTTGTGACAGCTCCATACGAATTAAGACACTTATCCCAGTTCCTACCAAACCTGCTCAAATTCTAAAAATAAAATATAGAGTCCCAATATCTT
PEms.28,AGATAGGATCTCCCCCACCTGCTGGATCAAAGAAGGATGTGTTAAAATTACGATCAAACAACAATATTGTAATTGCTGCAGCTAATACTGGCAAAGATAATAACAATAAAACCGTTGTGACTAAAACAGTCCATACAAATAAAGGTATATTAAATAATCTCCAACCTTTTGCCTTTATATTAAATATAGTAGTTATAAAATTTAAACTACCCAAGATACTAGAAACCCTAGCCAAATGTAGTGAAAAAATAGCACTATCTAATGCTGGCCTTGAATGTGCTAAATTCCCAGCTAAAGGAGGGTAAACTGTCCAACCTGTCCTAACACCGCTCTCAATAAGAGAAGAAATAAGAAGTAGAAAAAATGCTGGGGGTAAAAACCAAAAACTCATATTATTTAACCGTGGAAAAGCCATATCAGGAGATCCTAATATCAAAGGTAACAACCAGTTTCCAAAACCCCTAATTATTATGGGCATAACGAAAAAAAAGATTATTACAAAAGCATGTGCAGTGACAATAACATTATACAACTGCCCATCACCAATTACTGGACCTGTTTGTGACAGCTCCATACGAATTAAGACACTTATCCCAGTTCCTACCAAACCTGCTCAAATTCTAAAAATAAAATATAGAGTCCCAAT
PEms.29,ATAAGATAGGATCTCCCCCACCTGCTGGATCAAAGAAGGATGTGTTAAAATTACGATCAAACAACAATATTGTAATTGCTGCAGCTAATACTGGCAAAGATAATAACAATAAAACCGTTGTGACTAAAACAGTCCATACAAATAAAGGTATATTAAATAATCTCCAACCTTTTGCCTTTATATTAAATATAGTAGTTATAAAATTTAAACTACCCAAGATACTAGAAACCCTAGCCAAATGTAATGAAAAAATAGCACTATCCAATGCTGGCCTTGAATGTGCTAAATTCCCAGCTAAAGGAGGGTAAACTGTCCAACCTGTCCTAACACCGCTCTCAATAAGAGAAGAAATAAGAAGTAGAAAAAATGCTGGGGGTAAAAACCAAAAACTCATATTATTTAACCGTGGAAAAGCCATATCAGGAGATCCTAATATCAAAGGTAACAACCAGTTTCCAAAACCCCTAATTATTATGGGCATAACGAAAAAAAAGATTATTACAAAAGCATGTGCAGTGACAATAACATTATACAACTGCCCATCACCAATTACTGGACCTGTTTGTGACAGCTCCATACGAATTAAGACACTTATCCCAGTTCCTACCAAACCTGCTCAAATTCTAAAAATAAAATATAGAGTCCCAATATCT
PEms.3,GGACTCTATATTTTATTTTTAGAATTTGAGCAGGTTTGGTAGGAACTGGGATAAGTGTCTTAATTCGTATGGAGCTGTCACAAACAGGTCCAGTAATTGGTGATGGGCAGTTGTATAATGTTATTGTCACTGCACATGCTTTTGTAATAATCTTTTTTTTCGTTATGCCCATAATAATTAGGGGTTTTGGAAACTGGTTGTTACCTTTGATATTAGGATCTCCTGATATGGCTTTTCCACGGTTAAATAATATGAGTTTTTGGTTTTTACCCCCAGCATTTTTTCTACTTCTTATTTCTTCTCTTATTGAGAGCGGTGTTAGGACAGGTTGGACAGTTTACCCTCCTTTAGCTGGGAATTTAGCACATTCAAGGCCAGCATTAGATAGTGCTATTTTTTCACTACATTTGGCTAGGGTTTCTAGTATCTTGGGTAGTTTAAATTTTATAACTACTATATTTAATATAAAGGCAAAAGGTTGGAGATTATTTAATATACCTTTATTTGTATGGACTGTTTTAGTCACAACGGTTTTATTGTTACTATCTTTGCCAGTATTAGCTGCAGCAATTACAATATTGTTGTTTGATCGTAATTTTAACACATCCTTCTTTGATCCAGCAGGT
PEms.30,GATAGGATCTCCCCCACCTGCTGGATCAAAGAAGGATGTGTTAAAATTACGATCAAACAACAATATTGTAATTGCTGCAGCTAATACTGGCAAAGATAATAACAATAAAACCGTTGTGACTAAAACAGTCCATACAAATAAAGGTATATTAAATAATCTCCAACCTTTTGCCTTTATATTAAATATAGTAGTTATAAAATTTAAACTACCCAAGATACTAGAAACCCTAGCCAAATGTAGTGAAAAAATAGCACTATCTAATGCTGGCCTTGAATGTGCTAAATTCCCAGCTAAAGGAGGGTAAACTGTCCAACCTGTCCTAACACCGCTCTCAATAAGAGAAGAAATAAGAAGTAGAAAAAATGCTGGGGGTAAAAACCAAAAACTCATATTATTTAACCGTGGAAAAGCCATATCAGGAGATCCTAATATCAAAGGTAACAACCAGTTTCCAAAACCCCTAATTATTATGGGCATAACGAAAAAAAAGATTATTACAAAAGCATGTGCAGTGACAATAACATTATACAACTGCCCATCACCAATTACTGGACCTGTTTGTGACAGCTCCATACGAATTAAGACACTTATCCCAGTTCCTACCAAACCTGCTCAAATTCTAAAAATAAAATATAGAGTCCCAATATC
PEms.32,TAAGATAGGATCTCCCCCACCTGCTGGATCAAAGAAGGATGTGTTAAAATTACGATCAAACAACAATATTGTAATTGCTGCAGCTAATACTGGCAAAGATAATAACAATAAAACCGTTGTGACTAAAACAGTCCATACAAATAAAGGTATATTAAATAATCTCCAACCTTTTGCCTTTATATTAAATATAGTAGTTATAAAATTTAAACTACCCAAAATACTAGAAACCCTAGCCAAATGTAGTGAAAAAATAGCACTATCTAATGCTGGCCTTGAATGTGCTAAATTCCCAGCTAAAGGAGGGTAAACTGTCCAACCTGTCCTAACACCGCTCTCAATAAGAGAAGAAATAAGAAGTAGAAAAAATGCTGGGGGTAAAAACCAAAAACTCATATTATTTAACCGTGGAAAAGCCATATCAGGAGATCCTAATATCAAAGGTAACAACCAGTTTCCAAAACCCCTAATTATTATGGGCATAACGAAAAAAAAGATTATTACAAAAGCATGTGCAGTGACAATAACATTATACAACTGCCCATCACCAATTACTGGACCTGTTTGTGACAGCTCCATACGAATTAAGACACTTATCCCAGTTCCTACCAAACCTGCTCAAATTCTAAAAATAAAATATAGAGTCCCAATATC
PEms.4,AAGATATTGGGACTCTATATTTTATTTTTAGAATTTGAGCAGGTTTGGTAGGAACTGGGATAAGTGTCTTAATTCGTATGGAGCTGTCACAAACAGGTCCAGTAATTGGTGATGGGCAGTTGTATAATGTTATTGTCACTGCACATGCTTTTGTAATAATCTTTTTTTTCGTTATGCCCATAATAATTAGGGGTTTTGGAAACTGGTTGTTACCTTTGATATTAGGATCTCCTGATATGGCTTTTCCTCGGTTAAATAATATGAGTTTTTGGTTTTTACCCCCAGCATTTTTTCTACTTCTTATTTCTTCTCTTATTGAGAGCGGTGTTAGGACAGGTTGGACAGTTTACCCTCCTTTAGCTGGGAATTTAGCACATTCAAGGCCAGCATTAGATAGTGCTATTTTTTCACTACATTTGGCTAGAGTTTCTAGTATCTTGGGTAGTTTAAATTTTATAACTACTATATTTAATATAAAGGCAAAAGGTTGGAGATTATTTAATATACCTTTATTTGTATGGACTGTTTTAGTCACAACGGTTTTATTGTTATTATCTTTGCCAGTATTAGCTGCAGCAATTACAATATTGTTGTTTGATCGTAATTTTAACACATCCTTCTTTGATCCAGCAGGTGGGGGAGATCCTATC
PEms.5,CATAAAGATATTGGGACTCTATATTTTATTTTTAGAATTTGAGCAGGTTTGGTAGGAACTGGGATAAGTGTCTTAATTCGTATGGAGCTGTCACAAACAGGTCCAGTAATTGGTGATGGGCAGTTGTATAATGTTATTGTCACTGCACATGCTTTTGTAATAATCTTTTTTTTCGTTATGCCCATAATAATTAGGGGTTTTGGAAACTGGTTGTTACCTTTGATATTAGGATCTCCTGATATGGCTTTTCCACGGTTAAATAATATGAGTTTTTGGTTTTTACCCCCAGCATTTTTTCTACTTCTTATTTCTTCTCTTATTGAGAGCGGTGTTAGGACAGGTTGGACAGTTTACCCTCCTTTAGCTGGGAATTTAGCACATTCAAGGCCAGCATTAGATAGTGCTATTTTTTCACTACATTTGGCTAGGGTTTCTAGTATCTTGGGTAGTTTAAATTTTATAACTACTATATTTAATATAAAGGCAAAAGGTTGGAGATTATTTAATATACCTTTATTTGTATGGACTGTTTTAGTCACAACGGTTTTATTGTTATTATCTTTGCCAGTATTAGCTGCAGCAATTACAATATTGTTGTTTGATCGTAATTTTAACACATCCTTCTTTGATCCAGCAGGTGGGGGAGATCCTATC
PEms.6,AAGATATTGGAACTCTATATTTTATTTTTAGAATTTGAGCAGGTTTGGTAGGAACTGGGATAAGTGTCTTAATTCGTATGGAGCTGTCACAAACAGGTCCAGTAATTGGTGATGGGCAGTTGTATAATGTTATTGTCACTGCACATGCTTTTGTAATAATCTTTTTTTTTGTTATGCCCATAATAATCAGGGGTTTTGGAAACTGGTTGTTACCTTTGATATTAGGATCTCCTGATATGGCTTTTCCACGGTTAAATAATATGAGTTTTTGGTTTTTACCTCCAGCATTTTTTCTACTTCTTATTTCTTCTCTTATTGAGAGCGGTGTTAGGACAGGTTGGACAGTTTACCCTCCTTTAGCTGGGAATTTAGCACATTCAAGGCCAGCATTAGATAGTGCTATTTTTTCACTACATTTGGCTAGGGTTTCTAGTATCTTGGGTAGTTTAAATTTTATAACCACTATATTTAATATAAAGGCAAAAGGTTGGAGATTATTTAATATACCTTTATTTGTATGAACTGTTTTAGTTACAACGGTTTTATTGTTACTATCTCTGCCAGTATTAGCTGCAGCAATTACAATATTGTTGTTTGATCGTAATTTTAATACATCCTTCTTTGATCCAGCAGGTGGGGG
PEms.7,TCATAAAGATATTGGGACTCTATATTTTATTTTTAGAATTTGAGCAGGTTTGGTAGGAACTGGGATAAGTGTCTTAATTCGTATGGAGCTGTCACAAACAGGTCCAGTAATTGGTGATGGGCAGTTGTATAATGTTATTGTCACTGCACATGCTTTTGTAATAATCTTTTTTTTCGTTATGCCCATAATAATTAGGGGTTTTGGAAACTGGTTGTTACCTTTGATATTAGGATCTCCTGATATGGCTTTTCCACGGTTAAATAATATGAGTTTTTGGTTTTTACCCCCAGCATTTTTTCTACTTCTTATTTCTTCTCTTATTGAGAGCGGTGTTAGGACAGGTTGGACAGTTTACCCTCCTTTAGCTGGGAATTTAGCACATTCAAGGCCAGCATTAGATAGTGCTATTTTTTCACTACATTTGGCTAGGGTTTCTAGTATCTTGGGTAGTTTAAATTTTATAACTACTATATTTAATATAAAGGCAAAAGGTTGGAGATTATTTAATATACCTTTATTTGTATGGACTGTTTTAGTCACAACGGTTTTATTGTTATTATCTTTGCCAGTATTAGCTGCAGCAATTACAATATTGTTGTTTGATCGTAATTTTAACACATCCTTCTTTGATCCAGCAGGTGGGGGAGATCC
PEms.8,AAGATATTGGGACTCTATATTTTATTTTTAGAATTTGAGCAGGTTTGGTAGGAACTGGGATAAGTGTCTTAATTCGTATGGAGCTGTCACAAACAGGTCCAGTAATTGGTGATGGGCAGTTGTATAATGTTATTGTCACTGCACATGCTTTTGTAATAATCTTTTTTTTCGTTATGCCCATAATAATTAGGGGTTTTGGAAACTGGTTGTTACCTTTGATATTAGGATCTCCTGATATGGCTTTTCCACGGTTAAATAATATGAGTTTTTGGTTTTTACCCCCAGCTTTTTTTCTACTTCTTATTTCTTCTCTTATTGAGAGCGGTGTTAGGACAGGTTGGACAGTTTACCCTCCTTTAGCTGGGAATTTAGCACATTCAAGGCCAGCATTAGATAGTGCTATTTTTTCACTACATTTGGCTAGGGTTTCTAGTATCTTGGGTAGTTTAAATTTTATAACTACTATATTTAATATAAAGGCAAAAGGTTGGAGATTATTTAATATACCTTTATTTGTATGGACTGTTTTAGTCACAACGGTTTTATTGTTATTATCTTTGCCAGTATTAGCTGCAGCAATTACAATATTGTTGTTTGATCGTAATTTTAACACATCCTTCTTTGATCCAGCAGGTGGGGGAGATCCTATCT
PEms.9,GAGCAGGTTTGGTAGGAACTGGGATAAGTGTCTTAATTCGTATGGAGCTGTCACAAACAGGTCCAGTAATTGGTGATGGGCAGTTGTATAATGTTATTGTCACTGCACATGCTTTTGTAATAATCTTTTTTTTCGTTATGCCCATAATAATTAGGGGTTTTGGAAACTGGTTGTTACCTTTGATATTAGGATCTCCTGATATGGCTTTTCCACGGTTAAATAATATGAGTTTTTGGTTTTTACCCCCAGCATTTTTTCTACTTCTTATTTCTTCTCTTATTGAGAGCGGTGTTAGGACAGGTTGGACAGTTTACCCTCCTTTAGCTGGGAATTTAGCACATTCAAGGCCAGCATTAGATAGTGCTATTTTTTCACTACATTTGGCTAGGGTTTCTAGTATCTTGGGTAGTTTAAATTTTATAACTACTATATTTAATATAAAGGCAAAAGGTTGGAGATTATTTAATATACCTTTATTTGTATGGACTGTTTTAGTCACAACGGTTTTATTGTTATTATCTTTGCCAGTATTAGCTGCAGCAATTACAATATTGTTGTTTGATCGTAATTTTAACACATCCTTCTTTGATCCAGCAGGTGGGGGAGATCCTATC
RBms10,ATAAGATAGGATCTCCCCCACCTGCTGGATCAAAGAAGGATGTGTTAAAATTACGATCAAACAACAATATTGTAATTGCTGCAGCTAATACTGGCAAAGATAATAACAATAAAACCGTTGTGACTAAAACAGTCCATACAAATAAAGGTATATTAAATAATCTCCAACCTTTTGCCTTTATATTAAATATAGTAGTTATAAAATTTAAACTACCCAAGATACTAGAAACCCTAGCCAAATGTAGTGAAAAAATAGCACTATCTAATGCTGGCCTTGAATGTGCTAAATTCCCAGCTAAAGGAGGGTAAACTGTCCAACCTGTCCTAACACCGCTCTCAATAAGAGAAGAAATAAGAAGTAGAAAAAATGCTGGGGGTAAAAACCAAAAACTCATATTATTTAACCGTGGAAAAGCCATATCAGGAGATCCTAATATCAAAGGTAACAACCAGTTTCCAAAACCCCTAATTATTATGGGCATAACGAAAAAAAAGATTATTACAAAAGCATGTGCAGTGACAATAACATTATACAACTGCCCATCACCAATTACTGGACCTGTTTGTGACAGCTCCATACGAATTAAGACACTTATCCCAGTTCCTACCAAACCTGCTCAAATTCTAAAAATAAAATATAGGGTCCCAATATCTT
RBms11,TAAGATAGGATCTCCCCCACCTGCTGGATCAAAGAAGGATGTGTTAAAATTACGATCAAACAACAATATTGTAATTGCTGCAGCTAATACTGGCAAAGATAATAACAATAAAACCGTTGTGACTAAAACAGTCCATACAAATAAAGGTATATTAAATAATCTCCAACCTTTTGCCTTTATATTAAATATAGTAGTTATAAAATTTAAACTACCCAAGATACTAGAAACCCTAGCCAAATGTAGTGAAAAAATAGCACTATCTAATGCTGGCCTTGAATGTGCTAAATTCCCAGCTAAAGGAGGGTAAACTGTCCAACCTGTCCTAACACCGCTCTCAATAAGAGAAGAAATAAGAAGTAGAAAAAATGCTGGGGGTAAAAACCAAAAACTCATATTATTTAACCGTGGAAAAGCCATATCAGGAGATCCTAATATCAAAGGTAACAACCAGTTTCCAAAACCCCTAATTATTATGGGCATAACGAAAAAAAAGATTATTACAAAAGCATGTGCAGTGACAATAACATTATACAACTGCCCATCACCAATTACTGGACCTGTTTGTGACAGCTCCATACGAATTAAGACACTTATCCCAGTTCCTACCAAACCTGCTCAAATTCTAAAAATAAAATATAGGGTCCCAATATCTT
RBms13,AGATAGGATCTCCCCCACCTGCTGGATCAAAGAAGGATGTATTAAAATTACGATCAAACAACAATATTGTAATTGCTGCAGCTAATACTGGCAGAGATAGTAACAATAAAACCGTTGTAACTAAAACAGTTCATACAAATAAAGGTATATTAAATAATCTCCAACCTTTTGCCTTTATATTAAATATAGTAGTTATAAAATTTAAACTACCCAAGATACTAGAAACCCTAGCCAAATGTAGTGAAAAAATAGCACTATCTAATGCTGGCCTTGAATGTGCTAAATTCCCAGCTAAAGGAGGGTAAACTGTCCAACCTGTCCTAACACCGCTCTCAATAAGAGAAGAAATAAGAAGTAGAAAAAATGCTGGAGGTAAAAACCAAAAACTCATATTATTTAACCGTGGAAAAGCCATATCAGGAGATCCTAATATCAAAGGTAACAACCAGTTTCCAAAACCCCTGATTATTATGGGCATAACAAAAAAAAAGATTATTACAAAAGCATGTGCAGTGACAATAACATTATACAACTGCCCATCACCAATTACTGGACCTGTTTGTGACAGCTCCATACGAATTAAGACACTTATCCCTGTTCCTACCAAACCTGCTCAAATTCTAAAAATAAAATATAGAGTTCCAA
RBms14,AGATAGGATCTCCCCCACCTGCTGGATCAAAGAAGGATGTGTTAAAATTACGATCAAACAACAATATTGTAATTGCTGCAGCTAATACTGGCAAAGATAATAACAATAAAACCGTTGTGACTAAAACAGTCCATACAAATAAAGGTATATTAAATAATCTCCAACCTTTTGCCTTTATATTAAATATAGTAGTTATAAAATTTAAACTACCCAAGATACTAGAAACCCTAGCCAAATGTAGTGAAAAAATAGCACTATCTAATGCTGGCCTTGAATGTGCTAAATTCCCAGCTAAAGGAGGGTAAACTGTCCAACCTGTCCTAACACCGCTCTCAATAAGAGAAGAAATAAGAAGTAGAAAAAATGCTGGGGGTAAAAACCAAAAACTCATATTATTTAACCGTGGAAAAGCCATATCAGGAGATCCTAATATCAAAGGTAACAACCAGTTTCCAAAACCCCTAATTATTATGGGCATAACGAAAAAAAAGATTATTACAAAAGCATGTGCAGTGACAATAACATTATACAACTGCCCATCACCAATTACTGGACCTGTTTGTGACAGCTCCATACGAATTAAGACACTTATCCCAGTTCCTACCAAACCTGCTCAAATTCTAAAAATAAAATATAGAGTCCCAATATCT
RBms15,ATAAGATAGGATCTCCCCCACCTGCTGGATCAAAGAAGGATGTGTTAAAATTACGATCAAACAACAATATTGTAATTGCTGCAGCTAATACTGGCAAAGATAATAACAATAAAACCGTTGTGACTAAAACAGTCCATACAAATAAAGGTATATTAAATAATCTCCAACCTTTTGCCTTTATATTAAATATAGTAGTTATAAAATTTAAACTACCCAAGATACTAGAAACCCTAGCCAAATGTAGTGAAAAAATAGCACTATCTAATGCTGGCCTTGAATGTGCTAAATTCCCAGCTAAAGGAGGGTAAACTGTCCAACCTGTCCTAACACCGCTCTCAATAAGAGAAGAAATAAGAAGTAGAAAAAATGCTGGGGGTAAAAACCAAAAACTCATATTATTTAACCGTGGAAAAGCCATATCAGGAGATCCTAATATCAAAGGTAACAACCAGTTTCCAAAACCCCTAATTATTATGGGCATAACGAAAAAAAAGATTATTACAAAAGCATGTGCAGTGACAATAACATTATACAACTGCCCATCACCAATTACTGGACCTGTTTGTGACAGCTCCATACGAATTAAGACACTTATCCCAGTTCCTACCAAACCTGCTCAAATTCTAAAAATAAAATATAGAGTCCCAATATCT
RBms16,ATAAGATAGGATCTCCCCCACCCGCTGGATCAAAGAAGGATGTGTTAAAATTACGATCAAACAACAATATTGTAATTGCTGCAGCTAATACTGGCAAAGATAATAACAATAAAACCGTTGTGACTAAAACAGTCCATACAAATAAAGGTATATTAAATAATCTCCAACCTTTTGCCTTTATATTAAATATAGTAGTTATAAAATTTAAACTACCCAAGATACTAGAAACCCTAGCCAAATGTAGTGAAAAAATAGCACTATCTAATGCTGGCCTTGAGTGTGCTAAATTCCCAGCTAAAGGAGGGTAAACTGTCCAACCTGTCCTAACACCGCTCTCAATAAGAGAAGAAATAAGAAGTAGAAAAAATGCTGGGGGTAAAAACCAAAAACTCATATTATTTAACCGTGGAAAAGCCATATCAGGAGATCCTAATATCAAAGGTAACAACCAGTTTCCAAAACCCCTAATTATTATGGGCATAACGAAAAAAAAGATTATTACAAAAGCATGTGCAGTGACAATAACATTATACAACTGCCCATCACCAATTACTGGACCTGTTTGTGACAGCTCCATACGAATTAAGACACTTATCCCAGTTCCTACCAAACCTGCTCAAATTCTAAAAATAAAATATAGAGTCCCAATATCTT
RBms17,AGATAGGATCTCCCCCACCTGCTGGATCAAAGAAGGATGTATTAAAATTACGATCAAACAACAATATTGTAATTGCTGCAGCTAATACTGGCAGAGATAGTAACAATAAAACCGTTGTAACTAAAACAGTTCATACAAATAAAGGTATATTAAATAATCTCCAACCTTTTGCCTTTATATTAAATATAGTAGTTATAAAATTTAAACTACCCAAGATACTAGAAACCCTAGCCAAATGTAGTGAAAAAATAGCACTATCTAATGCTGGCCTTGAATGTGCTAAATTCCCAGCTAAAGGAGGGTAAACTGTCCAACCTGTCCTAACACCGCTCTCAATAAGAGAAGAAATAAGAAGTAGAAAAAATGCTGGAGGTAAAAACCAAAAACTCATATTATTTAACCGTGGAAAAGCCATATCAGGAGATCCTAATATCAAAGGTAACAACCAGTTTCCAAAACCCCTGATTATTATGGGCATAACAAAAAAAAAGATTATTACAAAAGCATGTGCAGTGACAATAACATTATACAACTGCCCATCACCAATTACTGGACCTGTTTGTGACAGCTCCATACGAATTAAGACACTTATCCCAGTTCCTACCAAACCTGCTCAAATTCTAAAAATAAAATATAGAGTTCCAATATCTTTATGAT
RBms18,ATAAGATAGGATCTCCCCCACCTGCTGGATCAAAGAAGGATGTGTTAAAATTACGATCAAACAACAATATTGTAATTGCTGCAGCTAATACTGGCAAAGATAATAACAATAAAACCGTTGTGACTAAAACAGTCCATACAAATAAAGGTATATTAAATAATCTCCAACCTTTTGCCTTTATATTAAATATAGTAGTTATAAAATTTAAACTACCCAAGATACTAGAAACCCTAGCCAAATGTAGTGAAAAAATAGCACTATCTAATGCTGGCCTTGAATGTGCTAAATTCCCAGCTAAAGGAGGGTAAACTGTCCAACCTGTCCTAACACCACTCTCAATAAGAGAAGAAATAAGAAGTAGAAAAAATGCTGGGGGTAAAAACCAAAAACTCATATTATTTAACCGTGGAAAAGCCATATCAGGAGATCCTAATATCAAAGGTAACAACCAGTTTCCAAAACCCCTAATTATTATGGGCATAACGAAAAAAAAGATTATTACAAAAGCATGTGCAGTGACAATAACATTATACAACTGCCCATCACCAATTACTGGACCTGTTTGTGACAGCTCCATACGAATTAAGACACTTATCCCAGTTCCTACCAAACCTGCTCAAATTCTAAAAATAAAATATAGAGTCCCAATATCTTTATGAT
RBms19,TTGATATAAGATAGGATCTCCCCCACCTGCTGGATCAAAGAAGGATGTGTTAAAATTACGATCAAACAACAATATTGTAATTGCTGCAGCTAATACTGGCAAAGATAATAACAATAAAACCGTTGTGACTAAAACAGTCCATACAAATAAAGGTATATTAAATAATCTCCAACCTTTTGCCTTTATATTAAATATAGTAGTTATAAAATTTAAACTACCCAAGATACTAGAAACCCTAGCCAAATGTAGTGAAAAAATAGCACTATCTAATGCTGGCCTTGAATGTGCTAAATTCCCAGCTAAAGGAGGGTAAACTGTCCAACCTGTCCTAACACCGCTCTCAATAAGAGAAGAAATAAGAAGTAGAAAAAATGCTGGGGGTAAAAACCAAAAACTCATATTATTTAACCGTGGAAAAGCCATATCAGGAGATCCTAATATCAAAGGTAACAACCAGTTTCCAAAACCCCTAATTATTATGGGCATAACGAAAAAAAAGATTATTACAAAAGCATGTGCAGTGACAATAACATTATACAACTGCCCATCACCAATTACTGGACCTGTTTGTGACAGCTCCATACGAATTAAGACACTTATCCCAGTTCCTACCAAACCTGCTCAAATTCTAAAAATAAAATATAGAGTCCCAATATCTT
RBms2,ATAAGATAGGATCTCCCCCACCTGCTGGATCAAAGAAGGATGTGTTAAAATTACGATCAAACAACAATATTGTAATTGCTGCAGCTAATACTGGCAAAGATAATAACAATAAAACCGTTGTGACTAAAACAGTCCATACAAATAAAGGTATATTAAATAATCTCCAACCTTTTGCCTTTATATTAAATATAGTAGTTATAAAATTTAAACTACCCAAGATACTAGAAACCCTAGCCAAATGTAGTGAAAAAATAGCACTATCTAATGCTGGCCTTGAATGTGCTAAATTCCCAGCTAAAGGAGGATAAACTGTCCAACCTGTCCTAACACCGCTCTCAATAAGAGAAGAAATAAGAAGTAGAAAAAATGCTGGGGGTAAAAACCAAAAACTCATATTATTTAACCGTGGAAAAGCCATATCAGGAGATCCTAATATCAAAGGTAACAACCAGTTTCCAAAACCCCTAATTATTATGGGCATAACGAAAAAAAAGATTATTACAAAAGCATGTGCAGTGACAATAACATTATACAACTGCCCATCACCAATTACTGGACCTGTTTGTGACAGCTCCATACGAATTAAGACACTTATCCCAGTTCCTACCAAACCTGCTCAAATTCTAAAAATAAAATATAGAGTCCCAATATCTT
RBms20,AGATAGGATCTCCCCCACCTGCTGGATCAAAGAAGGATGTGTTAAAATTACGATCAAACAACAATATTGTAATTGCTGCAGCTAATACTGGCAAAGATAATAACAATAAAACCGTTGTGACTAAAACAGTCCATACAAATAAAGGTATATTAAATAATCTCCAACCTTTTGCCTTTATATTAAATATAGTAGTTATAAAATTTAAACTACCCAAGATACTAGAAACCCTAGCCAAATGTAGTGAAAAAATAGCACTATCTAATGCTGGCCTTGAATGTGCTAAATTCCCAGCTAAAGGAGGGTAAACTGTCCAACCTGTCCTAACACCGCTCTCAATAAGAGAAGAAATAAGAAGTAGAAAAAATGCTGGGGGTAAAAACCAAAAACTCATATTATTTAACCGTGGAAAAGCCATATCAGGAGATCCTAATATCAAAGGTAACAACCAGTTTCCAAAACCCCTAATTATTATGGGCATAACGAAAAAAAAGATTATTACAAAAGCATGTGCAGTGACAATAACATTATACAACTGCCCATCACCAATTACTGGACCTGTTTGTGACAGCTCCATACGAATTAAGACACTTATCCCAGTTCCTACCAAACCTGCTCAAATTCTAAAAATAAAATATAGAGTCCCAATATCTT
RBms22,AGATAGGATCTCCCCCACCTGCTGGATCAAAGAAGGATGTGTTAAAATTACGATCAAACAACAATATTGTAATTGCTGCAGCTAATACTGGCAAAGATAATAACAATAAAACCGTTGTGACTAAAACAGTCCATACAAATAAAGGTATATTAAATAATCTCCAACCTTTTGCCTTTATATTAAATATAGTAGTTATAAAATTTAAACTACCCAAGATACTAGAAACCCTAGCCAAATGTAGTGAAAAAATAGCACTATCTAATGCTGGCCTTGAATGTGCTAAATTCCCAGCTAAAGGAGGATAAACTGTCCAACCTGTCCTAACACCGCTCTCAATAAGAGAAGAAATAAGAAGTAGAAAAAATGCTGGGGGTAAAAACCAAAAACTCATATTATTTAACCGTGGAAAAGCCATATCAGGAGATCCTAATATCAAAGGTAACAACCAGTTTCCAAAACCCCTAATTATTATGGGCATAACGAAAAAAAAGATTATTACAAAAGCATGTGCAGTGACAATAACATTATACAACTGCCCATCACCAATTACTGGACCTGTTTGTGACAGCTCCATACGAATTAAGACACTTATCCCAGTTCCTACCAAACCTGCTCAAATTCTAAAAATAAAATATAGAGTCCCAATATCTT
RBms23,ATAAGATAGGATCTCCCCCACCTGCTGGATCAAAGAAGGATGTGTTAAAATTACGATCAAACAACAATATTGTAATTGCTGCAGCTAATACTGGCAAAGATAATAACAATAAAACCGTTGTGACTAAAACAGTCCATACAAATAAAGGTATATTAAATAATCTCCAACCTTTTGCCTTTATATTAAATATAGTAGTTATAAAATTTAAACTACCCAAGATACTAGAAACCCTAGCCAAATGTAATGAAAAAATAGCACTATCTAATGCTGGCCTTGAATGTGCTAAATTCCCAGCTAAAGGAGGGTAAACTGTCCAACCTGTCCTAACACCGCTCTCAATAAGAGAAGAAATAAGAAGTAGAAAAAATGCTGGGGGTAAAAACCAAAAACTCATATTATTTAACCGTGGAAAAGCCATATCAGGAGATCCTAATATCAAAGGTAACAACCAGTTTCCAAAACCCCTAATTATTATGGGCATAACGAAAAAAAAGATTATTACAAAAGCATGTGCAGTGACAATAACATTATACAACTGCCCATCACCAATTACTGGACCTGTTTGTGACAGCTCCATACGAATTAAGACACTTATCCCAGTTCCTACCAAACCTGCTCAAATTCTAAAAATAAAATATAGAGTCCCAATATCTTTATGAT
RBms24,ATAAGATAGGATCTCCCCCACCTGCTGGATCAAAGAAGGATGTGTTAAAATTACGATCAAACAACAATATTGTAATTGCTGCAGCTAATACTGGCAAAGATAATAACAATAAAACCGTTGTGACTAAAACAGTCCATACAAATAAAGGTATATTAAATAATCTCCAACCTTTTGCCTTTATATTAAATATAGTAGTTATAAAATTTAAACTACCCAAGATACTAGAAACCCTAGCCAAATGTAGTGAAAAAATAGCACTATCTAATGCTGGCCTTGAATGTGCTAAATTCCCAGCTAAAGGAGGGTAAACTGTCCAACCTGTCCTAACACCGCTCTCAATAAGAGAAGAAATAAGAAGTAGAAAAAATGCTGGGGGTAAAAACCAAAAACTCATATTATTTAACCGTGGAAAAGCCATATCAGGAGATCCTAATATCAAAGGTAACAACCAGTTTCCAAAACCCCTAATTATTATGGGCATAACGAAAAAAAAGATTATTACAAAAGCATGTGCAGTGACAATAACATTATACAACTGCCCATCACCAATTACTGGACCTGTTTGTGACAGCTCCATACGAATTAAGACACTTATCCCAGTTCCTACCAAACCTGCTCAAATTCTAAAAATAAAATATAGAGTCCCAATATCTTTATGAT
RBms25,TAAGATAGGATCTCCCCCACCTGCTGGATCAAAGAAGGATGTGTTAAAATTACGATCAAACAACAATATTGTAATTGCTGCAGCTAATACTGGCAAAGATAATAACAATAAAACCGTTGTGACTAAAACAGTCCATACAAATAAAGGTATATTAAATAATCTCCAACCTTTTGCCTTTATATTAAATATAGTAGTTATAAAATTTAAACTACCCAAGATACTAGAAACCCTAGCCAAATGTAGTGAAAAAATAGCACTATCTAATGCTGGCCTTGAATGTGCTAAATTCCCAGCTAAAGGAGGGTAAACTGTCCAACCTGTCCTTACACCGCTCTCAATAAGAGAAGAAATAAGAAGTAGAAAAAATGCTGGGGGTAAAAACCAAAAACTCATATTATTTAACCGTGGAAAAGCCATATCAGGAGATCCTAATATCAAAGGTAACAACCAGTTTCCAAAACCCCTAATTATTATGGGCATAACGAAAAAAAAGATTATTACAAAAGCATGTGCAGTGACAATAACATTATACAACTGCCCATCACCAATTACTGGACCTGTTTGTGACAGCTCCATACGAATTAAGACACTTATCCCAGTTCCTACCAAACCTGCTCAAATTCTAAAAATAAAATATAGAGTCCCAATATCTT
RBms27,ATAAGATAGGATCTCCCCCACCTGCTGGATCAAAGAAGGATGTGTTAAAATTACGATCAAACAACAATATTGTAATTGCTGCAGCTAATACTGGCAAAGATAATAACAATAAAACCGTTGTGACTAAAACAGTCCATACAAATAAAGGTATATTAAATAATCTCCAACCTTTTGCCTTTATATTAAATATAGTAGTTATAAAATTTAAACTACCCAAGATACTAGAAACCCTAGCCAAATGTAGTGAAAAAATAGCACTATCTAATGCTGGCCTTGAATGTGCTAAATTCCCAGCTAAAGGAGGGTAAACTGTCCAACCTGTCCTAACACCGCTCTCAATAAGAGAAGAAATAAGAAGTAGAAAAAATGCTGGGGGTAAAAACCAAAAACTCATATTATTTAACCGTGGAAAAGCCATATCAGGAGATCCTAATATCAAAGGTAACAACCAGTTTCCAAAACCCCTAATTATTATGGGCATAACGAAAAAAAAGATTATTACAAAAGCATGTGCAGTGACAATAACATTATACAACTGCCCATCACCAATTACTGGACCTGTTTGTGACAGCTCCATACGAATTAAGACACTTATCCCAGTTCCTACCAAACCTGCTCAAATTCTAAAAATAAAATATAGAGTCCCAATATCTT
RBms28,AGATAGGATCTCCCCCACCTGCTGGATCAAAGAAGGATGTGTTAAAATTACGATCAAACAACAATATTGTAATTGCTGCAGCTAATACTGGCAAAGATAATAACAATAAAACCGTTGTGACTAAAACAGTCCATACAAATAAAGGTATATTAAATAATCTCCAACCTTTTGCCTTTATATTAAATATAGTAGTTATAAAATTTAAACTACCCAAGATACTAGAAACCCTAGCCAAATGTAGTGAAAAAATAGCACTATCTAATGCTGGCCTTGAATGTGCTAAATTCCCAGCTAAAGGAGGGTAAACTGTCCAACCTGTCCTTACACCGCTCTCAATAAGAGAAGAAATAAGAAGTAGAAAAAATGCTGGGGGTAAAAACCAAAAACTCATATTATTTAACCGTGGAAAAGCCATATCAGGAGATCCTAATATCAAAGGTAACAACCAGTTTCCAAAACCCCTAATTATTATGGGCATAACGAAAAAAAAGATTATTACAAAAGCATGTGCAGTGACAATAACATTATACAACTGCCCATCACCAATTACTGGACCTGTTTGTGACAGCTCCATACGAATTAAGACACTTATCCCAGTTCCTACCAAACCTGCTCAAATTCTAAAAATAAAATATAGAGTCCCAATATCTTTATGAT
RBms29,AGATAGGATCTCCCCCACCTGCTGGATCAAAGAAGGATGTGTTAAAATTACGATCAAACAACAATATTGTAATTGCTGCAGCTAATACTGGCAAAGATAATAACAATAAAACCGTTGTGACTAAAACAGTCCATACAAATAAAGGTATATTAAATAATCTCCAACCTTTTGCCTTTATATTAAATATAGTAGTTATAAAATTTAAACTACCCAAGATACTAGAAACCCTAGCCAAATGTAGTGAAAAAATAGCACTATCTAATGCTGGCCTTGAATGTGCTAAATTCCCAGCTAAAGGAGGGTAAACTGTCCAACCTGTCCTAACACCGCTCTCAATAAGAGAAGAAATAAGAAGTAGAAAAAATGCTGGGGGTAAAAACCAAAAACTCATATTATTTAACCGTGGAAAAGCCATATCAGGAGATCCTAATATCAAAGGTAACAACCAGTTTCCAAAACCCCTAATTATTATGGGCATAACGAAAAAAAAGATTATTACAAAAGCATGTGCAGTGACAATAACATTATACAACTGCCCATCACCAATTACTGGACCTGTTTGTGACAGCTCCATACGAATTAAGACACTTATCCCAGTTCCTACCAAACCTGCTCAAATTCTAAAAATAAAATATAGAGTCCCAATATCT
RBms3,ATAAGATAGGATCTCCCCCACCTGCTGGATCAAAGAAGGATGTGTTAAAATTACGATCAAACAACAATATTGTAATTGCTGCAGCTAATACTGGCAAAGATAATAACAATAAAACCGTTGTGACTAAAACAGTCCATACAAATAAAGGTATATTAAATAATCTCCAACCTTTTGCCTTTATATTAAATATAGTAGTTATAAAATTTAAACTACCCAAGATACTAGAAACCCTAGCCAAATGTAGTGAAAAAATAGCACTATCTAATGCTGGCCTTGAATGTGCTAAATTCCCAGCTAAAGGAGGGTAAACTGTCCAACCTGTCCTAACACCGCTCTCAATAAGAGAAGAAATAAGAAGTAGAAAAAATGCTGGGGGTAAAAACCAAAAACTCATATTATTTAACCGTGGAAAAGCCATATCAGGAGATCCTAATATCAAAGGTAACAACCAGTTTCCAAAACCCCTAATTATTATGGGCATAACGAAAAAAAAGATTATTACAAAAGCATGTGCAGTGACAATAACATTATACAACTGCCCATCACCAATTACTGGACCTGTTTGTGACAGCTCCATACGAATTAAGACACTTATCCCAGTTCCTACCAAACCTGCTCAAATTCTAAAAATAAAATATAGAGTCCCAATATCTT
RBms30,AGATAGGATCTCCCCCACCTGCTGGATCAAAGAAGGATGTGTTAAAATTACGATCAAACAACAATATTGTAATTGCTGCAGCTAATACTGGCAAAGATAATAACAATAAAACCGTTGTGACTAAAACAGTCCATACAAATAAAGGTATATTAAATAATCTCCAACCTTTTGCCTTTATATTAAATATAGTAGTTATAAAATTTAAACTACCCAAGATACTAGAAACCCTAGCCAAATGTAGTGAAAAAATAGCACTATCTAATGCTGGCCTTGAATGTGCTAAATTCCCAGCTAAAGGAGGGTAAACTGTCCAACCTGTCCTAACACCGCTCTCAATAAGAGAAGAAATAAGAAGTAGAAAAAATGCTGGGGGTAAAAACCAAAAACTCATATTATTTAACCGTGGAAAAGCCATATCAGGAGATCCTAATATCAAAGGTAACAACCAGTTTCCAAAACCCCTAATTATTATGGGCATAACGAAAAAAAAGATTATTACAAAAGCATGTGCAGTGACAATAACATTATACAACTGCCCATCACCAATTACTGGACCTGTTTGTGACAGCTCCATACGAATTAAGACACTTATCCCAGTTCCTACCAAACCTGCTCAAATTCTAAAAATAAAATATAGAGTCCCAATATCT
RBms31,ATAAGATAGGATCTCCCCCACCTGCTGGATCAAAGAAGGATGTGTTAAAATTACGATCAAACAACAATATTGTAATTGCTGCAGCTAATACTGGCAAAGATAATAACAATAAAACCGTTGTGACTAAAACAGTCCATACAAATAAAGGTATATTAAATAATCTCCAACCTTTTGCCTTTATATTAAATATAGTAGTTATAAAATTTAAACTACCCAAGATACTAGAAACCCTAGCCAAATGTAGTGAAAAAATAGCACTATCTAATGCTGGCCTTGAATGTGCTAAATTCCCAGCTAAAGGAGGGTAAACTGTCCAACCTGTCCTAACACCGCTCTCAATAAGAGAAGAAATAAGAAGTAGAAAAAATGCTGGGGGTAAAAACCAAAAACTCATATTATTTAACCGTGGAAAAGCCATATCAGGAGATCCTAATATCAAAGGTAACAACCAGTTTCCAAAACCCCTAATTATTATGGGCATAACGAAAAAAAAGATTATTACAAAAGCATGTGCAGTGACAATAACATTATACAACTGCCCATCACCAATTACTGGACCTGTTTGTGACAGCTCCATACGAATTAAGACACTTATCCCAGTTCCTACCAAACCTGCTCAAATTCTAAAAATAAAATATAGAGTCCCAATATCTTTATGAT
RBms32,ATAAGATAGGATCTCCCCCACCTGCTGGATCAAAGAAGGATGTGTTAAAATTACGATCAAACAACAATATTGTAATTGCTGCAGCTAATACTGGCAAAGATAATAACAATAAAACCGTTGTGACTAAAACAGTCCATACAAATAAAGGTATATTAAATAATCTCCAACCTTTTGCCTTTATATTAAATATAGTAGTTATAAAATTTAAACTACCCAAGATACTAGAAACCCTAGCCAAATGTAGTGAAAAAATAGCACTATCTAATGCTGGCCTTGAATGTGCTAAATTCCCAGCTAAAGGAGGGTAAACTGTCCAACCTGTCCTAACACCGCTCTCAATAAGAGAAGAAATAAGAAGTAGAAAAAATGCTGGGGGTAAAAACCAAAAACTCATATTATTTAACCGTGGAAAAGCCATATCAGGAGATCCTAATATCAAAGGTAACAACCAGTTTCCAAAACCCCTAATTATTATGGGCATAACAAAAAAAAAGATTATTACAAAAGCATGTGCAGTGACAATAACATTATACAACTGCCCATCACCAATTACTGGACCTGTTTGTGACAGCTCCATACGAATTAAGACACTTATCCCAGTTCCTACCAAACCTGCTCAAATTCTAAAAATAAAATATAGAGTCCCAATATCTT
RBms4,AGATAGGATCTCCCCCACCTGCTGGATCAAAGAAGGATGTGTTAAAATTACGATCAAACAACAATATTGTAATTGCTGCAGCTAATACTGGCAAAGATAATAACAATAAAACCGTTGTGACTAAAACAGTCCATACAAATAAAGGTATATTAAATAATCTCCAACCTTTTGCCTTTATATTAAATATAGTAGTTATAAAATTTAAACTACCCAAGATACTAGAAACCCTAGCCAAATGTAGTGAAAAAATAGCACTATCTAATGCTGGCCTTGAATGTGCTAAATTCCCAGCTAAAGGAGGGTAAACTGTCCAACCTGTCCTAACACCGCTCTCAATAAGAGAAGAAATAAGAAGTAGAAAAAATGCTGGGGGTAAAAACCAAAAACTCATATTATTTAACCGTGGAAAAGCCATATCAGGAGATCCTAATATCAAAGGTAACAACCAGTTTCCAAAACCCCTAATTATTATGGGCATAACGAAAAAAAAGATTATTACAAAAGCATGTGCAGTGACAATAACATTATACAACTGCCCATCACCAATTACTGGACCTGTTTGTGACAGCTCCATACGAATTAAGACACTTATCCCAGTTCCTACCAAACCTGCTCAAATTCTAAAAATAAAATATAGAGTCCCAATATCTTTA
RBms6,AGATAGGATCTCCCCCACCTGCTGGATCAAAGAAGGATGTGTTAAAATTACGATCAAACAACAATATTGTAATTGCTGCAGCTAATACTGGCAAAGATAATAACAATAAAACCGTTGTGACTAAAACAGTCCATACAAATAAAGGTATATTAAATAATCTCCAACCTTTTGCCTTTATATTAAATATAGTAGTTATAAAATTTAAACTACCCAAGATACTAGAAACCCTAGCCAAATGTAATGAAAAAATAGCACTATCTAATGCTGGCCTTGAATGTGCTAAATTCCCAGCTAAAGGAGGGTAAACTGTCCAACCTGTCCTAACACCGCTCTCAATAAGAGAAGAAATAAGAAGTAGAAAAAATGCTGGGGGTAAAAACCAAAAACTCATATTATTTAACCGTGGAAAAGCCATATCAGGAGATCCTAATATCAAAGGTAACAACCAGTTTCCAAAACCCCTAATTATTATGGGCATAACGAAAAAAAAGATTATTACAAAAGCATGTGCAGTGACAATAACATTATACAACTGCCCATCACCAATTACTGGACCTGTTTGTGACAGCTCCATACGAATTAAGACACTTATCCCAGTTCCTACCAAACCTGCTCAAATTCTAAAAATAAAATATAGAGTCCCAATATCTT
RBms7,ATAAGATAGGATCTCCCCCACCTGCTGGATCAAAGAAGGATGTATTAAAATTACGATCAAACAACAATATTGTAATTGCTGCAGCTAATACTGGCAGAGATAGTAACAATAAAACCGTTGTAACTAAAACAGTTCATACAAATAAAGGTATATTAAATAATCTCCAACCTTTTGCCTTTATATTAAATATAGTAGTTATAAAATTTAAACTACCCAAGATACTAGAAACCCTAGCCAAATGTAGTGAAAAAATAGCACTATCTAATGCTGGCCTTGAATGTGCTAAATTCCCAGCTAAAGGAGGGTAAACTGTCCAACCTGTCCTAACACCGCTCTCAATAAGAGAAGAAATAAGAAGTAGAAAAAATGCTGGAGGTAAAAACCAAAAACTCATATTATTTAACCGTGGAAAAGCCATATCAGGAGATCCTAATATCAAAGGTAACAACCAGTTTCCAAAACCCCTGATTATTATGGGCATAACAAAAAAAAAGATTATTACAAAAGCATGTGCAGTGACAATAACATTATACAACTGCCCATCACCAATTACTGGACCTGTTTGTGACAGCTCCATACGAATTAAGACACTTATCCCAGTTCCTACCAAACCTGCTCAAATTCTAAAAATAAAATATAGAGTTCCAATATCTT
RBms8,ATAAGATAGGATCTCCCCCACCTGCTGGATCAAAGAAGGATGTGTTAAAATTACGATCAAACAACAATATTGTAATTGCTGCAGCTAATACTGGCAAAGATAATAACAATAAAACCGTTGTGACTAAAACAGTCCATACAAATAAAGGTATATTAAATAATCTCCAACCTTTTGCCTTTATATTAAATATAGTAGTTATAAAATTTAAACTACCCAAGATACTAGAAACCCTAGCCAAATGTAGTGAAAAAATAGCACTATCTAATGCTGGCCTTGAATGTGCTAAATTCCCAGCTAAAGGAGGGTAAACTGTCCAACCTGTCCTAACACCGCTCTCAATAAGAGAAGAAATAAGAAGTAGAAAAAATGCTGGGGGTAAAAACCAAAAACTCATATTATTTAACCGTGGAAAAGCCATATCAGGAGATCCTAATATCAAAGGTAACAACCAGTTTCCAAAACCCCTAATTATTATGGGCATAACGAAAAAAAAGATTATTACAAAAGCATGTGCAGTGACAATAACATTATACAACTGCCCATCACCAATTACTGGACCTGTTTGTGACAGCTCCATACGAATTAAGACACTTATCCCAGTTCCTACCAAACCTGCTCAAATTCTAAAAATAAAATATAGAGTCCCAATATCTT
RBms9,AGATAGGATCTCCCCCACCTGCTGGATCAAAGAAGGATGTATTAAAATTACGATCAAACAACAATATTGTAATTGCTGCAGCTAATACTGGCAGAGATAGTAACAATAAAACCGTTGTAACTAAAACAGTTCATACAAATAAAGGTATATTAAATAATCTCCAACCTTTTGCCTTTATATTAAATATAGTAGTTATAAAATTTAAACTACCCAAGATACTAGAAACCCTAGCCAAATGTAGTGAAAAAATAGCACTATCTAATGCTGGCCTTGAATGTGCTAAATTCCCAGCTAAAGGAGGGTAAACTGTCCAACCTGTCCTAACACCGCTCTCAATAAGAGAAGAAATAAGAAGTAGAAAAAATGCTGGAGGTAAAAACCAAAAACTCATATTATTTAACCGTGGAAAAGCCATATCAGGAGATCCTAATATCAAAGGTAACAACCAGTTTCCAAAACCCCTGATTATTATGGGCATAACAAAAAAAAAGATTATTACAAAAGCATGTGCAGTGACAATAACATTATACAACTGCCCATCACCAATTACTGGACCTGTTTGTGACAGCTCCATACGAATTAAGACACTTATCCCAGTTCCTACCAAACCTGCTCAAATTCTAAAAATAAAATATAGAGTTCCAATATCTTTATGAT